GeneID,G1R2,G1R3,G1R4,G3R1,G3R2,G1R1,G3R4,logFC,logCPM,PValue,FDR
FBgn0000044,661.1884178,655.0219996,3219.673483,346.8472483,317.7616755,653.5095746,304.9008383,-1.882334417,9.687741597,0.00013845,0.003942561
FBgn0000045,852.5806241,697.8555624,1903.054281,129.4922188,202.8895271,492.2238409,213.0978727,-2.476030778,9.184743979,3.14E-09,2.63E-07
FBgn0000046,756.5422114,703.5200255,2278.771875,361.3007159,200.0011845,513.4883362,324.6617738,-1.914142307,9.393728026,1.71E-05,0.000638882
FBgn0000047,1610.95913,1266.600833,2739.489728,808.621103,499.8575824,539.2895565,539.3906669,-1.537798884,10.01494606,0.000699434,0.015494814
FBgn0000053,40.46082067,53.10025463,47.2382467,51.95147117,93.82642583,44.52276229,154.7196488,1.152844275,6.223948539,0.000625426,0.014039739
FBgn0000075,10.94026454,11.69064775,4.205786043,27.46617521,67.18843441,19.11683169,72.1810204,1.982021654,4.833249922,9.43E-05,0.002863026
FBgn0000121,12.4416019,12.2598872,25.87866631,3.817696248,2.423284886,9.770792276,4.148104608,-2.246257623,3.203706207,1.16E-07,7.58E-06
FBgn0000206,19.10705777,17.88007293,35.76102082,4.918954781,4.222390332,12.85688339,6.187926031,-2.00804933,3.748643269,1.14E-07,7.43E-06
FBgn0000210,54.31365197,77.39837661,35.24440113,239.7133911,554.2556001,76.42321031,549.4862806,2.706140506,7.839280296,1.76E-11,2.18E-09
FBgn0000451,176.1795354,299.1700215,545.4331565,803.2070958,2089.056916,643.6775282,1810.868413,1.69402118,9.783520403,0.000232915,0.00612916
FBgn0000551,6.138742631,13.99457213,32.16017839,367.7757857,280.7075567,6.879060053,50.25587443,4.977996591,7.910965355,2.31E-10,2.33E-08
FBgn0000552,0.066178734,3.37062851,0.033378777,41.63161049,19.20299063,0.244853374,3.57097701,6.307111419,5.221516145,2.86E-06,0.000132359
FBgn0000592,31.73733524,17.7608907,8.895210545,2.679729097,7.631911778,19.34610994,8.925610146,-1.613545888,3.696877051,0.000269118,0.006935632
FBgn0000639,166.9772137,162.5767796,184.9951984,6764.796783,17777.86781,374.0959629,24990.29084,5.887391349,12.70705129,9.70E-21,3.63E-18
FBgn0000640,93.5689863,132.2885684,129.6117623,207.3599704,1254.585254,278.7554458,2657.850415,2.952131738,9.436463473,5.09E-07,2.85E-05
FBgn0001078,31.28861034,45.9358396,109.9014607,330.985785,231.4054953,38.19941166,163.4838003,2.039451342,7.170400222,7.49E-07,3.95E-05
FBgn0001142,373.0042878,451.7849108,327.7627719,634.0830786,897.2081213,452.7956326,954.4277945,0.956366009,9.204859228,0.001965251,0.03590791
FBgn0001253,176.0617518,171.4704871,151.7769528,409.1177836,604.0120925,215.2470835,612.3839366,1.312393741,8.281804839,0.000890433,0.018766752
FBgn0001256,67.04611503,149.6609478,24.66143242,434.4189965,991.3914015,255.4992724,1608.630242,2.707250915,8.869718001,3.43E-05,0.001186555
FBgn0001258,34.42802688,27.82611443,34.66218412,47.64583626,250.3061774,33.56789991,77.20210624,1.934815791,6.2992859,5.53E-06,0.000235297
FBgn0001263,8.940531819,7.079799433,30.12148945,2.349351537,3.855288373,6.366261183,4.292458648,-1.983509049,3.054503556,0.000114286,0.003350778
FBgn0002535,2.614059974,4.634145941,2.202999981,5.396160571,10.08254307,3.468756133,11.44600572,2.340732283,3.301762064,1.68E-05,0.000632772
FBgn0002564,124.6109154,171.5815469,155.3258045,994.1758241,2584.793152,130.9190183,2322.938581,3.636398726,9.934074323,8.93E-21,3.44E-18
FBgn0002629,1.621378972,1.980051195,0.700954327,7.268306317,8.313482683,3.47002529,8.54870254,1.923152883,2.2394803,8.58E-05,0.002643315
FBgn0002772,520.733354,476.0655624,1496.653646,203.7226236,181.8200931,304.9766304,159.5513971,-2.035539575,8.765569947,3.87E-06,0.000174427
FBgn0002773,2061.27894,1781.953392,4888.8894,542.0394499,578.3499829,1134.091454,532.8114122,-2.260568933,10.541805,8.78E-08,5.85E-06
FBgn0002936,1.533460524,1.14193344,11.74605855,0.908332721,0.189732192,1.188191807,0.742139199,-2.750814226,1.220060097,0.000578976,0.013184298
FBgn0002937,3.055482054,2.786024714,9.786857828,1.104129147,0.923032885,1.634400353,1.046747145,-1.78282537,1.520413671,0.001989932,0.036206719
FBgn0002938,80.73423309,77.84363578,268.7742275,19.19450307,24.25798126,50.42347151,31.07609558,-2.351363233,6.160065672,3.56E-07,2.05E-05
FBgn0002939,38.17917319,34.71776266,48.21470278,8.486757113,27.14243195,34.55379398,4.620977712,-1.849139448,4.640083738,0.000491731,0.011499708
FBgn0002940,0.264714934,0.210643744,65.72314663,0.146834471,0.330447939,0.204044478,0.360704749,-6.020913576,3.092098223,6.22E-05,0.002009938
FBgn0003046,4.840444928,9.198391019,18.52168335,3.891113483,21.12160808,7.345601224,18.75661085,2.310272226,4.897414769,0.002456549,0.042637577
FBgn0003065,2272.167401,1773.220102,1152.609241,925.2627359,660.1138179,1218.892339,765.5164737,-1.117242927,10.19468069,0.000807899,0.017322138
FBgn0003149,346.2454009,282.9190538,1079.353509,196.680736,169.2148598,223.1473021,215.9181081,-1.493853989,8.354362063,0.001169904,0.023581729
FBgn0003313,0.16374207,0.144582074,0.184532902,0.193654478,0.75992011,0.033001419,0.979800344,2.065465359,-1.223836382,0.002811931,0.047382582
FBgn0003319,53.47129165,40.42413539,25.47057738,134.9528459,128.5783578,43.08105338,114.6507257,1.387412607,6.199774669,0.000143449,0.004068205
FBgn0003356,0.26508719,0.695078014,0.611555947,1.045332954,0.446258927,0.548916375,0.654239059,5.042532608,3.188429841,6.35E-05,0.002041873
FBgn0003357,0.859952604,0.94794319,1.024003815,0.459720375,0.560039495,0.623925166,0.876472861,4.638883601,3.498953239,0.000246559,0.006439318
FBgn0003373,0.198536201,0.042128749,0.066757555,4.772120309,3.751465302,0.28566227,5.85355273,5.372790035,1.72393319,8.28E-17,2.13E-14
FBgn0003429,139.7276305,155.4406343,188.6063115,105.1165696,104.4884791,158.3371318,66.88083685,-0.913875726,6.941789937,0.002901907,0.048603445
FBgn0003861,90.98401188,86.8934724,316.0795322,2.643021308,16.67036419,61.87812044,30.58774464,-3.00561587,6.289385228,1.24E-06,6.20E-05
FBgn0004028,408.834729,424.0004027,1190.477637,133.2080369,143.3494964,311.8432332,178.1774273,-2.060888911,8.499584433,8.86E-07,4.58E-05
FBgn0004117,397.0242562,353.8183602,1090.577787,104.0399242,105.8572294,224.0136949,113.9641459,-2.369128339,8.267896335,8.39E-08,5.65E-06
FBgn0004169,700.5150342,684.5136489,1997.925996,199.7700169,225.1092541,507.0536916,250.0245698,-2.222920587,9.20577392,1.63E-07,1.02E-05
FBgn0004228,4.798100465,3.201784911,6.742656578,12.16379695,10.46417739,2.652576179,14.72515816,1.334986111,2.954301802,0.001505926,0.029249556
FBgn0004425,2.246655169,2.738162243,0.493758904,3.885687949,10.11750042,2.56821399,4.680728454,1.842174655,2.226545667,0.000749643,0.016371725
FBgn0004427,16.18169303,21.13944784,5.183924414,29.62939754,70.6060768,16.85321693,26.43532961,1.764168616,5.030701888,9.98E-05,0.00300297
FBgn0004516,18.8694331,16.92013569,50.41286885,9.213958501,7.380018658,15.18090593,8.154895917,-1.564341986,4.09093382,9.25E-05,0.002813887
FBgn0004577,162.4704073,180.3127891,232.6109257,13.43551195,21.03854816,160.0184584,22.33893563,-3.087444489,6.683959582,1.35E-19,4.68E-17
FBgn0004588,0.862494198,0.884703725,0.467302885,279.0262416,603.2473992,1.101840184,704.7196883,9.188321036,7.921194686,1.76E-68,3.48E-65
FBgn0004589,0.695042149,0.716190415,0.783730357,230.3296538,521.9381137,0.856986809,590.066077,9.089211124,7.709642428,6.74E-75,1.56E-71
FBgn0004590,0.926502269,1.09540645,0.667575549,354.1515291,858.0007304,1.758006417,1173.56372,9.342489751,8.49655799,4.86E-59,6.74E-56
FBgn0004591,1.02577037,1.348170517,0.869967767,277.7546551,671.8594063,1.428311349,886.9549414,8.851761014,8.079687771,4.47E-59,6.74E-56
FBgn0004593,0.529429868,1.137762694,0.872851693,218.4015923,559.0077635,0.652942331,683.0269048,9.068364659,7.749163111,9.04E-58,1.04E-54
FBgn0004594,0.331201399,1.095347469,0.801090659,281.2941,660.9693109,1.224266871,799.9240997,9.25115761,8.03704316,3.19E-57,3.40E-54
FBgn0004623,5.956416911,7.385001154,57.80636819,4.478451367,3.414628703,6.207645167,3.647771051,-2.449716835,3.527080127,0.000165509,0.00457261
FBgn0004779,0.066178734,0.210643744,0.033378777,7.5736486,4.075524581,0.122426687,0.036070475,7.297018607,3.143455697,8.22E-08,5.59E-06
FBgn0004783,0.504060251,2.040333222,0.653926967,4.552162272,3.944446899,0.302688557,0.966742832,2.84686605,1.868693836,0.000217908,0.005833874
FBgn0004784,20.1519207,17.90471825,56.01426163,10.09571418,7.820674656,14.60958466,7.758362366,-1.677431942,4.163149024,5.74E-05,0.001876909
FBgn0005626,6.551706201,10.49005003,59.56514271,43.80597939,354.5229586,11.71951784,741.1094446,3.713695149,7.28565048,4.67E-05,0.001557979
FBgn0005633,174.8173884,142.0337611,552.7802593,21.70291305,19.34731193,72.00204025,22.03960696,-3.602868127,6.994114424,7.84E-12,1.03E-09
FBgn0005638,99.22561355,67.34836599,30.2545239,143.239743,190.3185532,67.12459369,226.0798447,1.241013025,6.79517776,0.002897509,0.048588452
FBgn0005664,421.7987614,238.0422602,1437.245097,1.578470564,2.900598576,197.2877496,44.24399396,-5.357157724,8.199099901,1.61E-08,1.22E-06
FBgn0005666,632.2722819,579.4278579,1474.368973,270.6164441,261.5868109,388.2370615,227.9757389,-1.718537308,8.969066986,1.74E-05,0.000646407
FBgn0010052,42.88084129,81.50463669,48.63067578,444.9356117,406.4201232,57.84412029,207.3316466,2.736923136,7.789816181,6.87E-14,1.12E-11
FBgn0010100,718.7421762,568.9412961,895.7024703,345.1908454,383.1673095,432.3492332,318.5750471,-0.969738433,8.948354686,0.002415153,0.042129983
FBgn0010223,9.473651152,8.004462277,5.073574176,20.15314128,20.48788237,11.31271559,19.64765979,1.157078437,3.780698857,0.000653258,0.014564932
FBgn0010246,35.9390495,36.73276823,34.86756441,60.12996766,120.9218791,39.16988801,91.11935791,1.197408637,5.918125021,0.000110711,0.003273649
FBgn0010381,7.38303187,14.09598446,10.13182749,13.48454365,74.87326119,8.1905086,35.09740165,2.452469242,5.012534797,5.43E-07,2.98E-05
FBgn0010423,5.525920941,7.077632331,38.33150712,1.284801622,2.239702698,6.009913417,2.308510391,-3.005226829,3.016296279,1.45E-06,7.11E-05
FBgn0010482,154.5587347,135.9447498,272.4288499,50.51764284,74.30183465,96.98594402,48.62467056,-1.515456116,6.799926934,1.68E-05,0.000632772
FBgn0010497,50.91924115,54.74378137,61.20666425,199.07891,280.5950943,57.21937691,278.8745479,1.93563495,7.07946147,4.52E-08,3.21E-06
FBgn0011202,52.62282404,51.60756986,50.07219169,118.4339312,108.4978737,56.25300594,86.42243381,0.984323753,6.29396782,0.000349002,0.008689342
FBgn0011286,310.1563696,265.512567,506.6345461,129.8930876,105.7256353,188.7851876,93.29533816,-1.556306396,7.734652645,6.21E-06,0.000263321
FBgn0011296,60.79148682,62.72406175,112.4734624,19.15742002,37.83573827,82.41213653,46.91275461,-1.427776456,5.772646154,0.000220842,0.005867131
FBgn0011693,27.95151138,67.67734939,139.4677506,3.355706915,5.012671265,30.79684938,18.40980964,-2.833875327,5.247072391,7.85E-07,4.09E-05
FBgn0011706,29.25000754,33.15734751,33.83306264,61.21455681,87.40090972,53.03360848,98.43380094,1.052001657,5.843387835,0.00078466,0.016949643
FBgn0013307,0.893412903,1.011089972,1.535423764,4.882246163,6.60895878,1.305884662,8.082744146,2.323262293,1.866964255,1.22E-07,7.89E-06
FBgn0013348,74.60285615,80.53571759,230.8775324,13.92023823,23.91227764,62.02935821,27.09469789,-2.328288183,6.071253362,4.25E-08,3.06E-06
FBgn0013772,2.647149341,3.328171157,2.069484203,2.239225684,17.47952105,1.958826993,6.1680512,2.1120472,2.751062533,0.000171832,0.004737512
FBgn0013953,2.25007694,2.569853678,1.735696429,5.065796593,3.818509517,1.877209202,7.574788898,1.316104301,1.908411928,0.001568587,0.030296894
FBgn0014031,25.50855975,28.3733753,33.24329302,109.1941886,105.1169581,39.61258291,31.59124329,1.875738345,6.210535747,2.37E-05,0.000855237
FBgn0014033,56.64575314,61.13643985,51.71590956,102.1532187,121.1781966,48.19840728,124.3338447,1.025700022,6.36963389,0.000254478,0.0066212
FBgn0014454,18.69989311,23.98343329,263.6833298,0.583619301,0.495844476,4.990234191,1.429548666,-6.730715474,5.299426224,4.90E-11,5.53E-09
FBgn0014848,0.165446834,0.126386246,0.066757555,60.13642471,211.6078452,0.122426687,218.1488213,10.00028082,6.000117925,1.08E-33,6.80E-31
FBgn0014850,10.95449958,34.91445336,7.808531066,132.2189349,210.9205135,9.034803843,101.0788489,3.834720064,6.903636145,1.78E-11,2.18E-09
FBgn0014851,1.489021504,17.63955991,1.201635989,139.4622794,250.7402245,1.999635889,107.9246643,5.479832586,6.992641887,9.33E-11,1.00E-08
FBgn0014863,108.7415298,107.7713218,310.5141551,16.86755076,31.48353387,85.06992604,42.64142244,-2.420401685,6.506003652,4.28E-08,3.06E-06
FBgn0015010,5.702532127,11.1348516,6.143791242,7.121479188,32.25135168,10.52870733,27.09248677,1.606104719,4.087947815,0.000313539,0.00789139
FBgn0015011,4.837721673,5.771642802,5.61454736,7.601671959,21.4423996,7.76919348,26.89259502,1.49736433,3.528607011,0.000294276,0.007460718
FBgn0015714,18.94167711,20.00487851,24.77286079,27.46858146,52.02572352,19.172211,94.59222323,1.242814006,5.127769074,0.002443986,0.042472679
FBgn0015801,38.22775497,47.82300533,30.89231223,126.3689762,249.4394345,71.2822856,230.2590865,1.827754261,6.743061555,1.62E-05,0.000613134
FBgn0016123,1.211567164,1.221968794,2.136685696,1.982265359,19.65814485,1.224266871,30.43283999,3.249073588,2.947963901,4.77E-06,0.000208644
FBgn0016650,2.05194443,1.853664948,2.470029533,9.103917078,15.09996544,1.836400306,19.37016963,2.528554005,2.816136809,2.47E-07,1.49E-05
FBgn0016715,10.12534623,15.37699332,12.31827093,19.82845355,47.646554,17.9559141,42.28686049,1.289222047,4.589721927,0.000272363,0.006994688
FBgn0019624,184.1857261,150.1267064,260.7981484,91.21253457,89.45354584,130.4703612,105.1805704,-0.947906674,7.106369837,0.002274854,0.040342288
FBgn0019643,54.86610773,79.90201696,55.1135687,88.60766536,159.8321239,70.9859314,172.5566429,0.997987057,6.6117967,0.00204886,0.036996865
FBgn0020372,106.8460616,100.3272561,149.63746,16.75911754,16.32952918,57.23680231,27.2056146,-2.26761147,5.967730177,1.60E-10,1.66E-08
FBgn0020376,0.0992681,0.126386246,0.13351511,0.33037756,0.587463003,0.040808896,0.793550447,2.174835334,-1.469804435,0.002359048,0.041411739
FBgn0020385,77.79388879,88.05720326,69.15515253,115.8023271,205.9159162,108.0101693,290.0017808,1.190680648,7.137690425,0.000391274,0.0095869
FBgn0020416,2.915950812,5.181836106,4.607906851,5.029080634,18.4486147,4.325783752,9.133729572,1.591521127,3.107175042,0.000402747,0.009815996
FBgn0020637,2.545574912,6.120253986,24.88004005,65.28003623,59.67412465,3.445462416,2.992031461,4.006505635,6.304783785,6.96E-05,0.002211291
FBgn0020641,5.595047937,6.108660154,4.239430182,719.0531769,436.0896117,9.279983688,26.5247916,6.917936272,8.58736438,8.43E-15,1.70E-12
FBgn0020765,27.5609939,67.67225181,1331.132294,0.770880973,0.734328753,16.07784791,1.695312318,-7.864840206,7.501257017,3.26E-10,3.21E-08
FBgn0020908,379.8050659,428.4365937,1250.538401,6.916997504,45.74647835,296.4959787,106.8017435,-3.338720047,8.338036464,2.63E-07,1.57E-05
FBgn0021742,14.54108914,7.087066643,5.252117257,47.5483055,39.57334368,12.2614408,29.33384476,1.677987807,4.366760752,0.00033744,0.008431752
FBgn0022160,201.4523566,148.8544351,379.7088281,39.99048566,50.49578261,86.44915245,40.48331871,-2.241706786,6.950946805,3.20E-08,2.36E-06
FBgn0022700,1.655877945,2.654245988,1.068120879,12.1872611,34.14698464,1.183457975,47.42726386,4.007244511,3.816704955,3.14E-14,5.73E-12
FBgn0022770,83.14929692,83.06298248,103.6362808,23.79198947,23.80462872,58.50865235,35.6253688,-1.830203072,5.718702324,1.54E-06,7.54E-05
FBgn0023129,41.89378547,47.97453401,42.02321326,72.72894895,111.8349647,59.01782494,129.4468345,1.031859068,6.184408856,0.000758406,0.016537059
FBgn0023496,0.992681003,0.674060824,2.403271978,32.26448896,44.76181692,0.367280061,25.85463104,4.537936115,3.767639984,3.29E-08,2.41E-06
FBgn0024943,1.952272639,2.654111176,22.751175,0.697463738,0.367256168,1.797672664,0.865691396,-3.529488126,2.017831229,9.72E-06,0.000390469
FBgn0024989,268.7030962,368.2540077,239.5551433,872.3009004,720.6660896,293.1096158,326.3980874,1.065390373,8.820933054,0.002130251,0.03826725
FBgn0025456,217.7551997,261.3749728,204.0780457,331.135189,621.9335326,280.0814493,796.5511135,1.151872577,8.600054972,0.000769398,0.016724157
FBgn0025643,0.62869863,0.968961644,1.201634988,7.855658885,4.88346612,0.654299328,6.095928285,3.372413291,2.32114434,1.40E-10,1.46E-08
FBgn0025709,1.621378972,4.509859812,3.371782574,5.873360488,7.63703005,2.489342637,3.498839668,1.800317051,2.762968645,0.001578375,0.030443531
FBgn0025879,29.30295053,25.56292434,25.26009081,66.61806535,73.98766071,25.29127229,52.68201064,1.355763645,5.554049361,2.29E-06,0.000107896
FBgn0026255,20.399813,18.22206148,40.83322647,6.133797119,7.086261455,13.63015892,6.564810913,-1.92060577,3.886545782,5.36E-07,2.96E-05
FBgn0026619,39.6430302,34.97265423,39.79637483,59.59387134,63.15638503,35.03359628,90.27173782,0.882131024,5.733098045,0.00194196,0.035717634
FBgn0027291,310.304835,246.5744693,421.9959006,136.1925694,149.075199,190.9436395,134.5549765,-1.105592453,7.743228171,0.000543158,0.012512492
FBgn0027527,175.6826985,80.23584516,5.307419215,1933.865047,2492.480685,204.4652181,2081.634318,3.830324632,9.791734883,1.01E-05,0.000401786
FBgn0027538,18.49358091,22.24397938,13.88557143,46.63609635,46.97574468,21.59039516,33.28309284,1.075128609,4.890753748,0.000454066,0.01080101
FBgn0027556,57.69649937,86.1888893,101.9384526,163.9875675,310.5094227,64.2381152,343.9512127,1.782784809,7.427938754,1.40E-07,8.93E-06
FBgn0028396,6.125536665,9.501675882,4.95334382,57.82268053,85.18654136,27.63749813,82.50219361,2.400203757,5.244306415,2.96E-06,0.000136183
FBgn0028514,1.05919063,1.600892455,0.867848214,7.087332832,8.371347788,1.183457975,7.28623592,2.996657816,2.422180733,4.43E-11,5.08E-09
FBgn0028519,61.82053303,77.97399477,67.86840066,219.8589244,232.0460502,71.65878847,104.6808465,1.790417372,7.283233023,1.93E-06,9.30E-05
FBgn0028526,12.11718052,11.51278018,40.55971409,1.385416272,1.728606214,6.488924562,2.1304016,-3.497685818,3.278272864,3.41E-10,3.33E-08
FBgn0028533,0.165446834,1.053218721,0.200272665,0.440503413,3.30447939,0.244853374,17.42204657,3.746084726,1.624402273,0.000126957,0.003675659
FBgn0028543,18.12288073,17.77357146,26.07313107,11.22872567,11.72407258,20.23133651,10.62859826,-0.973121625,3.962047545,0.001693866,0.032170279
FBgn0028544,2453.487204,1094.656558,1361.300033,46.12915034,41.31517149,1326.19933,191.7701224,-4.227109764,9.681509301,2.07E-15,4.55E-13
FBgn0028573,71.78341047,65.08554664,151.416482,32.97726019,25.28877689,80.80855097,23.6088472,-1.542456358,5.955502491,1.22E-05,0.000477848
FBgn0028675,10.42315053,9.52497308,10.14788269,20.01911812,20.9476456,12.36595238,22.07516668,0.89923034,3.933740259,0.00296176,0.049367413
FBgn0028699,38.83296611,29.09821728,36.81267929,4.6278481,10.72891025,22.12004158,9.811605613,-1.85947521,4.343900978,1.39E-07,8.88E-06
FBgn0028704,51.56447057,48.18920105,118.8711726,21.99487871,22.69275221,43.6370705,20.31832571,-1.671702615,5.43140838,3.40E-06,0.000155121
FBgn0028855,1.491393681,1.011089972,2.770436861,6.137363361,5.069677206,1.305883846,4.087488175,1.63122806,1.790876079,0.000243119,0.006362556
FBgn0028864,24.10166605,23.92297854,21.09198273,49.2772814,61.77026607,31.9945415,63.93022751,1.194093398,5.379465508,4.48E-05,0.001502927
FBgn0028871,0.0992681,0.294901242,0.066757555,3.707570394,4.369256082,0.122426687,4.655219414,4.671787243,1.006385286,9.97E-15,1.98E-12
FBgn0028936,5.367381271,5.560994845,11.26348488,1.394927555,2.019405908,4.448267571,3.354554182,-1.687523719,2.151383024,0.00035766,0.008873039
FBgn0028938,6581.666968,2482.310138,514.391995,156.9796318,100.4396511,3692.854103,948.8230199,-3.429677927,10.82410767,7.64E-05,0.002389827
FBgn0028983,15.32070771,23.36325598,21.39863356,52.7535875,54.64764433,30.16605812,53.09104982,1.286814502,5.280636275,2.50E-05,0.000896317
FBgn0028999,8.503967259,9.186510712,4.272683789,18.83170446,25.42697756,9.677135861,32.37999636,1.623907856,4.019003668,4.18E-06,0.000185744
FBgn0029518,252.1375665,164.7409335,22.6273898,5.519779411,4.26442331,196.4412506,75.68276374,-2.83228332,6.503436449,0.001013432,0.020852039
FBgn0029719,15.45941833,11.45901968,15.54740062,6.904523915,5.626683923,12.12575122,5.776542266,-1.133582968,3.323650703,0.000695921,0.015441656
FBgn0029762,0.827234169,1.179604967,0.53406044,0.844298209,5.809862231,0.57132454,8.404420641,2.351873459,1.297672509,0.001010323,0.02081895
FBgn0029770,1.59587468,2.705386498,2.14282906,1357.568014,1732.989202,2.700916357,1822.491113,9.53150437,9.725024855,8.60E-100,5.96E-96
FBgn0029804,11.99244684,24.47680307,9.98038798,40.37874537,110.4981192,38.848722,164.9989766,2.09629911,5.815525156,2.54E-05,0.000904347
FBgn0029836,82.53479098,36.79636142,12.87742587,20.60609258,14.16258377,35.43238489,17.27954547,-1.377387916,4.862858263,0.001832308,0.034239937
FBgn0029848,0.132357467,0.042128749,0.100136332,0.66075512,1.028060255,0.081617791,0.829620922,2.826882105,-1.128969393,8.84E-05,0.002695607
FBgn0029896,88.93684225,110.4742518,82.15965341,172.7266707,284.4220816,139.4718201,367.5722279,1.300806019,7.510654341,0.000101831,0.003036977
FBgn0029950,3.143489843,3.24391366,8.010893242,1.726833582,0.844478066,2.162871471,0.973902821,-1.777448066,1.461974028,0.000551094,0.012632357
FBgn0030105,6.587603531,8.444442291,20.12739614,54.35029491,71.83449865,11.58973862,30.01751372,2.081314712,4.938498939,1.98E-07,1.22E-05
FBgn0030237,97.68113427,120.481481,81.55570215,64.92432972,53.80059611,124.7397353,55.96370244,-0.868290953,6.36089924,0.002355265,0.041397741
FBgn0030262,1.527259577,1.937922446,1.405146395,4.955647246,8.705761103,4.488959753,8.837280767,1.716635805,2.345172222,0.000283517,0.00724091
FBgn0030270,0.661787335,0.631929126,0.870629668,13.69230341,14.51042796,0.652942331,1.406760783,4.528533234,3.105574829,1.71E-10,1.74E-08
FBgn0030271,1.834289193,6.552659251,9.602079592,225.0639127,157.3455766,3.155107123,60.7140397,5.34446218,6.783996933,2.33E-17,6.21E-15
FBgn0030304,30.60260159,30.33708054,52.76396979,18.17381261,16.67161255,29.99359972,11.1818472,-1.200062291,4.692580682,0.000219369,0.005850416
FBgn0030309,36.70679561,41.40366672,61.90685554,90.24229643,104.2597724,45.09243815,78.71470862,1.196489638,6.252654523,0.000152437,0.004270696
FBgn0030310,11.25398813,12.83981891,10.6591788,14.35627788,27.30673801,13.43629218,26.22713444,0.979769697,4.167932356,0.002306449,0.040694441
FBgn0030317,18.28452229,21.00505713,14.23668279,3.971174978,4.565395293,16.86464342,12.64039293,-1.34364135,3.624918486,0.000728677,0.01602108
FBgn0030362,277.7967822,342.451118,210.0170649,573.716601,713.9425388,415.2408383,548.5374539,1.086162533,8.925682581,0.000749248,0.016371725
FBgn0030367,21.93825017,16.55937879,21.7113927,12.48093004,8.010682221,18.62167043,5.771275976,-1.050714262,3.876588645,0.001952519,0.035816849
FBgn0030432,29.45198503,27.71262801,29.8696666,14.58958317,12.12571369,24.43204099,14.03487748,-1.101223359,4.357746058,0.000178984,0.004886117
FBgn0030443,0.562519235,0.674059981,0.40054533,4.294908279,7.055544483,0.652940699,6.420530096,3.32915462,1.697023227,4.09E-13,6.17E-11
FBgn0030459,0.963592141,1.495431558,4.761048683,54.84671289,53.40295709,0.45058326,18.29159029,4.053738524,4.08971482,2.26E-06,0.00010708
FBgn0030493,0.79424407,2.064308692,0.834469437,29.97875345,151.9135265,1.755961892,258.0770335,6.36628362,5.832461664,3.41E-14,6.14E-12
FBgn0030494,20.4683874,15.53476549,9.883923313,16.81805323,58.25760448,21.58619184,61.99504654,1.513502456,5.026274426,0.000195031,0.005282591
FBgn0030495,2.018630055,1.941857271,2.336514423,21.99611102,557.2139452,2.20369261,1175.724234,7.695550855,7.793846628,1.31E-11,1.67E-09
FBgn0030541,5.001854859,15.92466706,23.30793301,6.203756402,3.377912265,2.897435675,1.587100894,-1.830747089,2.930645613,0.002729088,0.046267717
FBgn0030542,0.661787335,0.800446228,0.300408997,36.03795132,129.8091296,0.693751227,182.4296729,7.221047946,5.534143533,3.05E-24,1.46E-21
FBgn0030558,0.305886379,0.210643744,0.303119688,3.256149838,1.395224631,0.510111196,1.406748519,4.334428146,1.856463769,5.22E-07,2.91E-05
FBgn0030569,117.152903,107.3052936,8.68212043,788.0312393,827.2433705,142.3197994,640.1030397,2.60717378,8.379284573,0.000687516,0.015279608
FBgn0030590,16.05728694,17.70069293,6.175073833,103.5705935,87.79730038,14.24796071,37.47889344,2.131179049,5.190617476,0.000159854,0.004442584
FBgn0030592,12.38296755,17.14640077,6.575619162,82.16783583,55.60520903,9.42697733,24.61434776,1.917411839,4.769060752,0.000224122,0.005920227
FBgn0030593,0.496340501,0.674059981,1.468666209,2.753164687,4.626362937,1.023091258,1.803523743,1.766943537,1.068653626,0.000433323,0.010451006
FBgn0030597,0.397072401,0.71618873,0.166893887,4.698703074,6.475971843,0.367280061,5.051670003,3.718970789,1.576947309,2.74E-13,4.18E-11
FBgn0030734,61.46280674,63.05783519,55.71259091,100.7819132,111.4890921,60.58039762,123.0793136,0.876189101,6.416639556,0.001404741,0.027515466
FBgn0030737,10.47314856,9.551809093,25.03835559,36.22578932,49.02610071,9.127117646,53.77151933,1.86027343,4.975762211,7.37E-07,3.90E-05
FBgn0030745,150.187483,126.218532,196.5258971,60.2527811,56.6851871,97.12880388,51.29928505,-1.371580827,6.627545881,9.74E-06,0.000390469
FBgn0030747,2.714333992,3.118934513,2.236376088,9.914395637,10.50310049,2.856621882,7.430510606,1.669133736,2.531914283,1.53E-05,0.000586079
FBgn0030748,6.452115479,7.937517589,6.212975434,17.19623275,24.4699526,7.519969473,15.32270525,1.51138671,3.766426422,3.29E-06,0.000150492
FBgn0030756,0.926502269,1.095347469,1.068120879,3.230358363,5.3605999,0.897795705,8.586071552,2.332914893,1.629498866,1.42E-06,7.03E-05
FBgn0030769,3.697983583,4.573943537,3.33787483,8.200785968,13.47493262,5.512359526,13.19461216,1.25592113,2.872395242,0.001918822,0.035385928
FBgn0030774,1.95230242,2.282341819,2.369893201,5.91008746,7.306571096,2.572678483,3.029919888,1.325448842,2.034572116,0.001642451,0.031488332
FBgn0030798,83.79498297,74.33150101,104.5676655,45.31208259,48.53527537,67.4141328,40.13038354,-1.062269499,5.933102605,0.000715955,0.015810292
FBgn0030805,28.7304383,25.23512055,23.64395716,62.4319247,79.20510322,36.32461018,84.77070184,1.189620529,5.548432768,0.000424981,0.010285579
FBgn0030826,69.60976997,33.89969819,1.735696429,0.403794795,0.146865751,53.24826327,2.38065134,-5.665672708,4.341469326,1.17E-08,9.15E-07
FBgn0030828,0.562519484,2.064308692,0.367166552,0.33037756,8.1877656,0.28566227,3.102060837,2.431207823,1.428025782,0.002704552,0.045907873
FBgn0030830,0.529429868,0.758317479,16.89657081,0.073417236,0.514030127,0.204044397,0.108211425,-4.259906194,1.329115359,0.000257651,0.006691198
FBgn0030880,1.622609896,1.3488193,1.134878434,3.642541078,23.89773793,1.020699856,45.99779094,3.876173467,3.345956462,3.51E-07,2.03E-05
FBgn0030895,10.29152103,9.905943355,14.68666209,5.545570886,3.965375268,9.222810425,4.439517974,-1.187686957,3.002001424,0.000990601,0.020442947
FBgn0030925,25.40657832,31.43643025,34.63108245,78.66741217,84.66968407,34.879608,56.69972048,1.401011883,5.847479607,5.19E-06,0.000225029
FBgn0030947,1.868718679,1.916605299,1.93715404,3.896069146,7.08627247,2.256997189,4.709144774,1.346816709,1.852175741,0.000842019,0.017909694
FBgn0030981,20.35872924,19.84858085,56.96322027,7.439111516,4.594658293,16.22651472,4.093818543,-2.324964295,4.094785142,7.28E-08,5.00E-06
FBgn0030999,19.66110612,50.17660371,18.89873002,43.23137206,78.05033454,34.94816694,68.78026356,1.234057967,5.697295061,0.00103045,0.021170784
FBgn0031031,88.44294705,72.21773317,156.7076858,5.506968103,2.496717761,43.19238005,22.5536776,-3.466781013,5.621408404,1.61E-07,1.01E-05
FBgn0031097,369.5493277,484.0176166,167.5334247,1004.283542,876.5810836,304.4249758,804.8188631,1.394600866,9.232141959,6.39E-05,0.002049746
FBgn0031184,8.26467654,9.415354075,19.86060959,2.788177366,2.890232424,6.760710991,3.002322728,-1.975340709,2.812611994,4.69E-06,0.000205937
FBgn0031232,6.666481633,5.092607416,9.386579528,1.544331549,2.209984413,3.713609507,1.922816017,-1.7445862,2.040842112,5.85E-05,0.00190452
FBgn0031307,28.26774969,29.84324735,28.11667996,33.40484217,240.068959,38.5317185,43.13668088,1.566522712,5.950990971,0.002210794,0.039357237
FBgn0031324,1.091949103,1.474506209,0.801090659,4.074656572,3.634927329,0.816177914,3.102060837,1.874254666,1.33020747,1.45E-05,0.00056005
FBgn0031373,0.7279664,1.221734137,12.50485162,0.146834366,0.110149313,0.652943147,0.144281899,-4.908875306,1.029648454,7.58E-07,3.98E-05
FBgn0031412,2.15080884,5.982282333,2.738975695,13.33297377,25.26964763,7.616449864,20.43572753,1.976160813,3.518736713,8.10E-06,0.000332172
FBgn0031414,81.49844856,84.85024915,307.0470486,50.61090548,40.46077998,60.84198258,41.43199023,-1.561753218,6.483577149,0.000462655,0.010934596
FBgn0031432,17.81433231,29.79683411,19.4243256,34.22968114,85.71070523,25.91487303,74.57722172,1.536960551,5.504619393,8.34E-06,0.000340149
FBgn0031490,30.42335649,36.67172773,16.84957349,76.69938975,115.5841535,44.09756216,58.4926395,1.304107401,5.796793445,0.000196936,0.005313444
FBgn0031514,0.896801333,1.053218299,1.647216967,1.982266828,4.222391433,0.652942331,6.06097311,1.822554451,1.320396535,0.000288281,0.007322137
FBgn0031518,3.671893941,5.244397298,3.315821051,9.02767695,8.391284814,4.224047175,11.01357844,1.157478538,2.747481893,0.001664092,0.031787371
FBgn0031542,76.62339215,86.46293765,100.6927566,5.469584047,3.30447939,48.76785461,5.160494626,-4.251845026,5.364349223,2.44E-27,1.30E-24
FBgn0031558,6.08649783,11.16399205,9.611101875,81.34097422,51.21917353,20.81170838,15.91846686,3.137152368,5.869174733,1.28E-06,6.40E-05
FBgn0031560,0.645083823,1.053218721,0.768336065,5.359458194,13.254634,1.713973619,8.120077087,3.313485718,2.531660062,5.51E-11,6.16E-09
FBgn0031563,2.647149341,3.454557404,14.48638942,0.25871573,0.293731501,2.65257822,1.442818994,-3.333119266,1.712469328,7.64E-06,0.000317072
FBgn0031619,7.710172873,15.7932835,9.371926245,201.4878426,1156.538303,12.22581463,2022.98993,6.272682216,8.786803838,2.25E-15,4.81E-13
FBgn0031653,0.463251135,0.337029991,0.333787775,0.403794795,0.59317608,0.693751227,0.324634274,4.612511723,2.565813712,0.00023167,0.006107993
FBgn0031692,22.98951589,21.55325622,59.79161471,3.639787932,7.803386721,22.88466031,7.674812685,-2.28126973,4.267164829,3.41E-08,2.49E-06
FBgn0031717,74.58867411,83.94866444,110.4410721,191.3373643,177.6472379,88.97224405,117.6515912,0.973266522,7.051664865,0.001655004,0.031657372
FBgn0031747,0.529449722,8.174952268,0.500681662,115.0032466,317.9715099,0.979414313,427.2192452,6.764461033,7.124684305,1.58E-14,3.04E-12
FBgn0031775,3.729337081,6.956467521,9.877381072,3.859103568,1.557158808,4.292279648,1.542947025,-1.501697314,2.097329666,0.002034265,0.036829226
FBgn0031800,2.34934504,1.600893298,2.473203855,4.148110516,11.42403686,1.755949649,12.07840411,1.887167822,2.290907427,0.000279545,0.007152633
FBgn0031857,141.2216887,125.6523847,136.7002597,65.67719704,52.59415492,93.93596715,46.58042939,-1.233677341,6.471023876,2.66E-05,0.000940692
FBgn0031865,7.279826135,8.938088012,5.076518184,39.01956108,54.58795442,5.972368417,69.11222014,2.898714162,4.852924915,2.99E-17,7.83E-15
FBgn0031869,182.2792293,152.2147926,143.5626894,93.90079108,72.40297926,99.35052571,73.56057538,-1.005047226,6.757741775,0.001666452,0.031788655
FBgn0031907,207.2028021,317.3593068,220.4708974,304.6759661,716.9480289,277.9972982,730.8375437,1.079276351,8.637176389,0.002081681,0.037540631
FBgn0031926,59.83440997,79.79244008,82.73707722,27.57819339,30.04935677,50.37719422,47.9438652,-1.092490647,5.64828251,0.00080815,0.017322138
FBgn0031940,1145.494317,1224.649025,6690.308642,19.20323238,10.44167756,516.4733029,54.18073887,-6.74653816,10.23882715,5.75E-14,9.96E-12
FBgn0031957,254.6736349,386.9660392,211.008281,1057.729454,738.0040688,174.5367902,269.1048598,1.682684031,9.078575511,9.51E-05,0.002875556
FBgn0031959,19.16774367,25.12878758,42.1614014,96.06388309,100.1738241,22.29096147,47.19316648,1.400247579,5.631033308,0.000165521,0.00457261
FBgn0031976,3.079094626,5.319340129,6.315331456,8.701605311,37.29614961,6.735753086,59.2851908,2.441847296,4.115230514,4.85E-06,0.000211387
FBgn0032021,61.98779647,56.62858789,96.25047195,43.08328582,32.57724678,55.13971478,27.82582117,-0.982010634,5.670070524,0.00139364,0.027364364
FBgn0032025,19.55833684,22.66258327,19.50476111,31.35498523,61.99362685,21.88159071,75.44804234,1.513955965,5.335269876,4.28E-06,0.000189585
FBgn0032074,4.103067251,3.288625322,4.205732971,6.979468229,6.315208921,3.757593335,8.66352929,1.169941574,2.659461239,0.002623083,0.044887724
FBgn0032076,22.46148901,25.49046289,23.13565512,53.55376195,84.43030391,23.77288347,87.73677699,1.523220396,5.524031494,1.07E-06,5.51E-05
FBgn0032087,12.44858376,10.91134595,18.25064767,57.90086989,69.9815302,8.957511794,43.54535936,2.061724888,5.03604551,1.26E-09,1.14E-07
FBgn0032088,3.44668771,2.532367518,2.269047569,7.860243792,10.42991985,2.527543844,9.91542726,1.714636892,2.548633112,9.04E-06,0.000365421
FBgn0032125,59.01984903,184.253032,1520.3933,0.807589591,1.542138113,34.96363351,0.937832346,-8.491221875,7.817289054,4.47E-15,9.26E-13
FBgn0032127,0.066178734,0.042128749,0.033378777,0.587337884,0.47731369,0.081617791,0.288563799,2.892152802,-1.632515461,5.74E-05,0.001876909
FBgn0032129,209.3929542,185.2169378,263.1304437,75.86122188,95.55144485,134.2867316,81.21530728,-1.244082832,7.138315102,5.27E-05,0.001749512
FBgn0032144,13.63281911,10.6164447,11.35315696,1.908848124,6.645675218,12.12921998,4.546611214,-1.264116492,3.091877148,0.00239335,0.041854956
FBgn0032167,57.3400938,74.4327364,52.8874212,113.8984787,160.6699196,77.24075165,132.3416813,1.022889748,6.634112024,0.000520115,0.012061789
FBgn0032178,3.242757943,3.496686153,10.79372865,0.66075512,0.66092158,1.469128406,0.902082899,-2.79604626,1.485859284,4.55E-06,0.000200366
FBgn0032260,41.49902933,31.03287896,38.74174565,18.57423021,16.05305073,16.5310307,11.60268143,-1.248679302,4.509554791,0.000869317,0.018433764
FBgn0032289,7.147319766,6.951230918,3.90625157,58.245729,51.13548208,9.182001529,45.86877046,2.586790668,4.578471395,1.93E-07,1.19E-05
FBgn0032422,23.69860448,16.07822635,25.39207049,5.992571724,3.084180764,14.822199,8.043710842,-1.891841509,3.674908266,6.53E-07,3.50E-05
FBgn0032535,5.49458862,5.181836106,10.85190786,1.361063775,1.945971196,3.518355265,2.529106594,-1.906404162,2.016388735,0.000132434,0.003794604
FBgn0032536,4.268528313,2.696239925,7.109679602,1.615180283,1.358508194,3.550373925,1.695312318,-1.371533617,1.648546468,0.002143396,0.038403899
FBgn0032538,2421.1986,1052.923819,1292.262708,48.04827688,40.86906677,1250.894675,187.1852043,-4.203343288,9.631301889,2.81E-15,5.91E-13
FBgn0032612,1.722473605,1.85548491,13.65628259,49.53042403,36.51868293,1.035546132,10.74943435,3.450201115,4.774381866,6.99E-06,0.000292849
FBgn0032639,7.048035121,10.44792971,7.743876374,12.26067833,22.51305092,11.79393409,23.78584502,1.059593098,3.842502978,0.001952314,0.035816849
FBgn0032685,125.6665986,136.9340213,134.2360915,664.2541852,775.671095,140.2895569,562.1832392,1.951336825,8.352610463,8.71E-05,0.002678432
FBgn0032707,71.47174173,63.34246965,50.85136585,24.45579508,32.11421579,51.69038368,40.99557356,-1.028464908,5.468828175,0.00131222,0.025922882
FBgn0032713,27.94583647,35.14033929,30.6320045,42.56466647,79.74866805,33.07274517,119.9658545,1.211140912,5.71741207,0.000449031,0.010736483
FBgn0032773,119.2098175,128.0222111,135.8080116,1084.61268,1045.150435,168.7198453,484.7934294,3.037584563,9.311459108,6.97E-14,1.12E-11
FBgn0032783,19.23171534,16.63574978,23.98390332,43.20210391,58.13418585,26.81643539,16.65991783,1.335992683,5.257701192,0.001982491,0.036127702
FBgn0032797,41.23333203,36.48538385,75.69228625,28.27253323,22.32386948,37.23950892,19.6945442,-1.093006556,5.132688348,0.000942316,0.019710472
FBgn0032811,15.39787211,13.4216717,12.65860095,25.43965945,35.83447212,16.96882853,31.58417347,0.944818578,4.422480587,0.002509766,0.043344253
FBgn0032835,2.283166307,3.459305314,2.470029533,3.487318688,18.73593551,2.815838288,10.28013583,1.981959816,2.786222386,3.83E-05,0.001307373
FBgn0032889,68.4497395,76.95058635,78.91145209,78.12650224,254.4542761,79.37293891,350.7450953,1.338791452,7.066690533,0.002086274,0.037574612
FBgn0032935,24.61865432,29.27948043,25.43412775,40.51442042,56.83315357,27.1414252,60.63050048,0.901258644,5.256967692,0.002150462,0.038431202
FBgn0033027,133.9189543,129.9987867,267.6437217,21.34925488,39.60414877,111.1683289,44.01203916,-2.187976367,6.615485781,2.99E-09,2.51E-07
FBgn0033047,1.687557705,3.075398664,2.002726648,6.351332387,14.29712381,1.999635889,20.69081793,2.373779331,2.776511824,4.12E-06,0.000183634
FBgn0033124,1.522110871,3.201784911,1.769075206,3.744279012,8.554929977,2.203680367,11.79504528,1.887909497,2.372682197,4.80E-05,0.001595648
FBgn0033133,2.558354026,3.081574739,3.677219751,3.712265426,20.43761022,5.366202466,30.44848014,2.00062311,3.211110888,0.000743067,0.016279386
FBgn0033137,37.60533736,53.00066226,40.42920975,86.03193177,102.6801982,57.45084497,72.20291878,1.043355681,6.173666739,0.000608107,0.013740979
FBgn0033139,2.057238728,3.24391366,2.393481983,8.630599831,12.46545089,2.859822115,13.18314536,2.511999748,3.156203811,3.78E-09,3.10E-07
FBgn0033203,0.297804301,0.758317479,0.333787775,63.22879538,61.58569254,0.408088957,13.29081573,6.301669637,4.177030838,3.96E-16,9.64E-14
FBgn0033207,0.397072401,0.252772493,0.26703022,1.79872227,6.888260722,0.163235583,7.719081618,3.984317377,1.262691617,1.59E-08,1.21E-06
FBgn0033222,1.290485304,3.159656162,1.168255876,5.689835754,14.9995827,2.326108278,14.18673418,2.461893248,2.706164944,3.20E-07,1.86E-05
FBgn0033275,0.761055436,0.71618873,0.100136332,0.073417236,0.146865751,0.57132454,0.108211425,-2.32374216,-1.348087259,0.00126321,0.025206036
FBgn0033366,89.01682917,87.9171673,127.2003325,256.5265753,223.7293365,131.0849921,105.5144929,1.743942052,7.886897086,0.000498745,0.0116367
FBgn0033367,3.808453757,3.24391366,5.140331731,1.762013653,1.321791756,5.550989227,1.639569006,-1.359380864,1.658554365,0.001105138,0.022373797
FBgn0033403,13.71150562,12.66777774,20.21352006,9.514102844,4.92007608,13.16364386,4.448860227,-1.38087793,3.380490828,0.000319922,0.008022922
FBgn0033437,9.360187713,12.64153153,11.82546666,21.4549757,49.55250428,10.73204581,57.29903142,1.724321653,4.588036303,8.42E-06,0.000342345
FBgn0033448,22.33968705,20.38039732,21.42790341,67.77103898,74.96326419,26.56659925,52.19726674,1.437112433,5.396420519,1.20E-06,6.05E-05
FBgn0033464,12.67933577,15.88255095,44.54337772,12.09305577,7.600306269,14.53112547,6.85577448,-1.465772668,3.906985835,0.000828574,0.017650799
FBgn0033541,1.720646568,2.064308692,1.902590316,4.850463841,13.84210434,1.346693558,17.31382793,2.44600548,2.525758929,1.60E-05,0.00060827
FBgn0033580,17.89158606,69.96279189,610.0772674,1.691136654,1.1753152,7.193751323,1.587403886,-6.936297923,6.474998037,1.25E-10,1.32E-08
FBgn0033591,5.671087302,3.623072399,0.033378777,44.81938686,37.41515148,4.44816963,9.378575955,2.797123799,3.784332772,0.001280547,0.025442163
FBgn0033597,56.2674755,97.53479413,539.2875561,1.212797668,2.49673612,31.84044711,5.559109443,-5.489434312,6.534878539,4.14E-11,4.87E-09
FBgn0033598,0.363983034,0.252772493,0.166893887,1.505053328,5.617614963,0.897795705,11.01498519,4.409779974,2.252126098,3.73E-09,3.08E-07
FBgn0033600,3.507472877,13.871691,2.870574863,19.10349506,29.90146296,10.77354846,3.462859369,2.200136093,4.44327579,0.001881488,0.035070538
FBgn0033603,41.23871528,43.22965729,131.190712,2.569603244,1.03003561,16.92590982,3.318483686,-4.918656723,4.912605203,1.36E-14,2.65E-12
FBgn0033658,4.136303203,10.572041,3.972074519,144.2957031,114.3206675,6.910537587,24.20267543,3.927240126,5.697894559,2.34E-14,4.33E-12
FBgn0033702,30.64998225,40.65117143,35.05852106,10.81572509,14.3332895,29.99766388,27.7229626,-1.151092538,4.631734337,0.001960847,0.035874703
FBgn0033708,0.559077941,0.877974079,1.387892905,0.453968134,6.969022198,0.466608913,11.84550426,2.661473248,1.636559159,0.000608376,0.013740979
FBgn0033724,26.0294294,36.97742447,22.08170687,57.40567063,93.31537708,43.62774567,98.16229848,1.251937082,5.767442307,0.00015749,0.004394509
FBgn0033725,12.54085677,22.48002002,9.77996511,29.75339484,162.2653406,52.5591867,174.9744252,2.06950283,5.984595153,0.000445715,0.010710351
FBgn0033728,109.0367432,175.6233791,2786.647265,19.94434266,8.688100496,78.87420932,14.05493267,-5.682821645,8.649380316,5.89E-09,4.78E-07
FBgn0033731,325.6374217,351.7346091,338.9014034,46.17503611,129.4327861,247.7818205,71.77303086,-1.906837297,7.645431065,5.09E-08,3.60E-06
FBgn0033753,16.08129989,23.75522186,22.56148341,40.10930411,82.9578536,24.17278208,76.73488538,1.367914854,5.278891376,0.000371716,0.00917253
FBgn0033760,12.57396599,17.62243878,18.8607216,85.50402514,102.6294928,14.7800026,58.85002577,2.65894478,5.869343067,4.57E-14,8.02E-12
FBgn0033787,35.6580546,49.39656465,42.03522629,69.78268592,133.9478101,66.41314364,141.5029218,1.104093205,6.252676607,0.001195702,0.023997091
FBgn0033835,7.630771959,9.401784405,7.493762519,19.03686892,48.32845168,11.11936304,53.73487173,2.389422246,4.800708967,4.16E-10,4.04E-08
FBgn0033869,14.99471126,20.83763749,86.40430337,2.716437715,2.191336134,9.916561652,2.705285614,-3.856829562,4.149395284,1.37E-10,1.44E-08
FBgn0033872,74.57696802,73.63706757,136.6527894,39.80571393,36.91425188,63.61699565,38.24904244,-1.180977264,5.973900679,0.000177727,0.004870982
FBgn0033874,18.83456683,13.32127889,1.001363324,0.807589591,0.771045191,15.39295222,5.134415672,-2.706179983,2.821307909,0.000517364,0.012018102
FBgn0033887,7.280673223,8.856516222,7.940544131,19.84677115,45.06461738,16.60521311,38.52168004,1.536917828,4.315506724,0.000194961,0.005282591
FBgn0033917,46.67552987,43.66686945,54.76355884,20.41714966,19.98453672,32.71636925,17.53025078,-1.180237387,5.005147235,6.97E-05,0.002211291
FBgn0033926,79.11667594,106.3447581,61.08349656,207.1474642,225.2645242,166.296658,592.7136498,1.64952538,7.738574818,6.55E-05,0.002092073
FBgn0033942,84.16909135,117.9516497,57.25661973,525.5315845,429.5419326,83.10037855,104.4525204,2.570600297,8.21525637,3.82E-07,2.18E-05
FBgn0033945,6.684052087,8.467878514,6.241831388,12.5207956,16.77478574,6.937797929,24.46263534,1.267723849,3.601791281,0.000217216,0.005826596
FBgn0033949,3.342026043,3.24391366,2.102862981,10.97587671,14.59874935,5.917657155,12.40824335,2.25551352,3.407461681,6.07E-07,3.29E-05
FBgn0033968,23.93405848,19.84960037,15.96266599,31.02028706,73.59648378,22.89462298,144.5760902,1.748496821,5.495715934,0.000125248,0.003633779
FBgn0034010,0.794562721,1.263862465,0.701165281,5.362846032,5.411480437,2.377288755,5.585294444,1.843068088,1.591862466,0.000448718,0.010736483
FBgn0034030,391.5497859,200.2893402,69.57272104,41.01600697,45.68552906,311.9680921,89.24376536,-2.071015603,7.235556914,5.26E-06,0.000226107
FBgn0034045,6.353158419,6.82485731,6.241849412,13.65877009,21.02290328,5.672440581,27.26477739,1.549587681,3.631898472,1.71E-05,0.000638882
FBgn0034094,18.45086253,26.27869178,22.06877927,45.68571024,49.34285342,27.89557359,45.33084786,0.962190016,5.127856411,0.000880922,0.01865133
FBgn0034095,2.554250944,2.329365929,2.876035631,5.418485651,7.838225113,4.009114883,9.400578945,1.339450697,2.39754574,0.000804754,0.017322138
FBgn0034145,87.02331064,74.48584811,73.94287753,178.6224234,147.4642176,62.49169443,220.3372531,1.05813934,6.843886268,0.002138222,0.038360762
FBgn0034157,172.9326413,230.3963136,888.4839759,16.26496449,32.99427208,121.9449789,23.56235236,-3.872383176,7.561269186,6.22E-12,8.37E-10
FBgn0034225,9.594271821,12.87000838,16.01532769,24.95818922,50.39173556,10.00206853,33.46678534,1.564491763,4.588920508,2.71E-06,0.000125611
FBgn0034247,0.661787335,0.421287488,1.001363324,20.40323709,22.95159205,0.448897853,4.905728862,4.762402109,3.187387289,1.22E-17,3.38E-15
FBgn0034267,18.19927746,16.99813707,77.25461302,9.39741716,9.913577693,10.41786629,9.175078239,-1.609892642,4.355935693,0.001499028,0.029156412
FBgn0034289,1.257395937,0.463416237,0.26703022,1.358218857,2.272479462,0.163235583,0.541057123,3.233443082,1.530993222,0.000510091,0.011869023
FBgn0034291,0.264714934,0.252772493,0.100136332,2.242771736,8.224592187,0.122426687,15.56541987,5.527718799,2.180363025,7.00E-16,1.62E-13
FBgn0034296,0.066178734,0.168514995,1.435287431,0.881006826,5.147277397,0.040808896,19.31599178,4.415595877,2.303831229,1.39E-05,0.000540977
FBgn0034301,1.026501645,0.717338845,0.768237264,50.28618105,50.32843275,1.509936894,52.20230939,5.264284591,4.320153986,1.94E-13,3.03E-11
FBgn0034382,4.369980311,5.055534117,8.715265556,0.738118532,0.881194504,2.570960428,2.525059486,-1.831268423,1.763585539,0.000586812,0.013318991
FBgn0034383,68.33946918,63.81662872,88.13933222,6.764150161,5.457127414,45.91082383,27.63983098,-2.279783428,5.32933088,7.72E-07,4.04E-05
FBgn0034394,3.937634645,4.003233803,4.239104739,10.58142059,14.38661646,4.44816963,5.446651803,1.74135385,3.186550179,8.79E-05,0.002687075
FBgn0034443,84.34347231,129.1275642,78.74654424,193.8057171,437.1532502,111.2368879,487.3085082,1.743629778,7.777309448,1.74E-06,8.48E-05
FBgn0034470,1.786825805,2.780497423,2.369892533,14.94061557,38.84414422,1.713974435,54.56336364,3.840528494,4.059172998,3.87E-16,9.58E-14
FBgn0034484,7.479884447,6.40462304,9.37943647,1.615179182,2.900598576,4.7338319,2.092087541,-1.60374103,2.241748543,0.00012103,0.003541007
FBgn0034497,55.44221015,49.17225434,149.8868595,18.24899186,15.79093869,33.43101463,16.72688916,-2.233030189,5.450576782,2.52E-07,1.52E-05
FBgn0034499,123.3684097,204.7870055,378.8357728,45.54401497,33.44647173,85.41342676,32.33104872,-2.426628382,6.877174243,9.26E-09,7.42E-07
FBgn0034507,0.165532535,0.71618873,0.40054533,11.82072555,4.920002647,0.163235583,4.420148129,5.710405486,3.287665961,1.77E-11,2.18E-09
FBgn0034539,12.80558494,12.89139714,35.15152435,5.07034112,3.451345141,8.937270582,6.276262624,-1.88795977,3.480555466,2.46E-05,0.000885111
FBgn0034565,0.374247356,0.512116649,0.469949822,5.997956879,4.612344601,0.464303211,0.840183078,2.906592615,1.014410026,2.19E-06,0.00010407
FBgn0034647,1.191309854,2.10643702,1.668937539,2.129099463,15.72075962,2.612811175,5.482712178,1.96401191,2.237818404,0.000469204,0.011047408
FBgn0034661,76.45562906,65.45754349,53.49616666,222.9031701,227.6984569,88.12109699,150.7374323,1.329767844,6.961169588,5.76E-05,0.001880814
FBgn0034709,26.76761016,31.43470297,20.0923551,41.17880969,87.16225287,22.78262705,80.09571581,1.659074932,5.717253295,1.10E-06,5.62E-05
FBgn0034730,0.727966069,0.71618873,0.901226992,0.146834471,0.183582188,0.326471165,0.108211425,-2.033251066,-1.023617634,0.000558866,0.012768284
FBgn0034758,36.82355806,46.59686916,38.54872286,56.30391653,87.34041572,41.52403486,79.20933078,0.845723389,5.838842859,0.002958098,0.0493657
FBgn0034804,16.10182192,24.90122072,11.53743785,29.47470375,44.10060528,22.29462611,28.94123207,1.031257938,4.834743664,0.002362404,0.041418221
FBgn0034856,122.1990315,113.1607684,115.3894324,18.88618005,23.13601872,86.73930778,25.20860883,-2.241342705,6.051541402,2.23E-14,4.17E-12
FBgn0034887,31.68905785,14.84275866,18.5595015,61.84447669,69.97565557,23.95482177,48.76944623,1.184949726,5.190668545,0.001834459,0.034239937
FBgn0034894,62.88035236,101.1187711,61.44762565,117.7576116,199.1675818,95.59316498,186.5327976,1.004056833,6.915046139,0.001703296,0.032188416
FBgn0034903,266.7000976,224.3035348,167.6902716,68.38888908,84.28936786,194.3405066,126.4246178,-1.300365226,7.228783282,5.30E-05,0.001755483
FBgn0034990,0.629404427,0.971942253,1.069761236,32.7505808,32.77848958,0.45033759,44.0336093,5.485457568,4.176541237,1.10E-41,1.02E-38
FBgn0035094,69.04407085,79.33356111,72.72305011,121.870559,153.1093956,66.11997662,121.4503926,0.86592055,6.664053755,0.002010937,0.036454479
FBgn0035171,7.36338341,6.455068004,14.80094501,4.368325514,3.270126133,7.590446436,3.534906536,-1.215863778,2.712428653,0.002702371,0.045907873
FBgn0035241,20.94010942,11.24838858,6.742509712,2.753146332,3.747316345,10.56955295,5.050530176,-1.36429135,3.115734662,0.002204207,0.039340978
FBgn0035280,31.9247865,33.87907195,85.3488998,9.911334505,4.773150115,23.22679107,3.426694029,-2.584419072,4.67325533,5.77E-08,4.02E-06
FBgn0035281,784.0108529,497.1794803,1104.904292,14.96294652,7.159723703,362.4148246,44.86258096,-5.128644707,8.465429154,3.02E-18,9.31E-16
FBgn0035358,3.279053669,4.470955598,2.570199244,3.454321311,10.55318538,2.206165629,14.08148054,1.697380459,2.74819388,0.000309264,0.00779796
FBgn0035359,4.833113648,5.813758912,6.333005518,6.203741719,33.82683567,3.387139158,45.82306917,2.317182646,3.937545239,3.91E-06,0.000175579
FBgn0035409,1.659613735,11.41267806,1.309736498,17.37418879,40.49162179,3.333719498,40.88335831,2.78128169,4.12829473,2.12E-06,0.00010134
FBgn0035410,66.04670696,52.72497173,52.16969404,15.63787117,17.44405297,34.38304535,16.31298046,-1.683424571,5.076109478,5.13E-08,3.61E-06
FBgn0035412,0.191527542,0.084257498,0.033378777,0.183543089,1.136303985,0.163235583,1.046043771,2.427361752,-1.113730222,0.001896444,0.03525454
FBgn0035428,3.575074453,5.39247985,3.938795878,19.90756063,36.79317502,7.835716061,43.07139332,2.367126982,4.00369873,1.10E-06,5.62E-05
FBgn0035478,1.125796217,2.14856619,1.072613663,656.6878049,569.8721574,1.959659494,661.2872296,8.85734152,8.512974921,2.80E-77,9.71E-74
FBgn0035484,18.74605373,17.87113321,16.05316921,32.43671478,43.22389018,16.75411661,36.61689566,1.093372808,4.769312964,0.000133151,0.003807301
FBgn0035490,33.01015082,25.40742713,29.67336601,9.481395465,6.477844381,29.64868294,14.0419473,-1.802469283,4.248720674,2.48E-06,0.000115608
FBgn0035510,218.2161015,371.0422147,2446.664389,1.83607696,1.799105446,97.88217675,4.513137814,-8.173286489,8.619027051,4.79E-18,1.44E-15
FBgn0035511,0.198536201,0.168514995,0.233651442,59.73850329,47.54117782,0.122426687,2.633144664,7.579764782,4.172586627,3.82E-21,1.51E-18
FBgn0035512,147.0719776,284.1744198,1942.000639,73.12099698,76.56185015,91.09035224,79.31680997,-2.972882317,8.440323714,3.41E-05,0.001185333
FBgn0035513,4.137262795,24.32025264,5.875465926,196.7989378,181.3637812,5.47696189,55.03669124,4.004988361,6.407749139,6.87E-12,9.16E-10
FBgn0035544,28.9977673,35.25738138,415.8428234,2.092391213,1.799241297,20.99070844,11.34423648,-4.935447503,6.017398346,3.31E-07,1.92E-05
FBgn0035554,0.330893668,0.421287488,25.23752675,0.477212031,0.183582188,0.081617791,0.252493324,-4.741139559,1.797961645,0.000460393,0.010923319
FBgn0035557,3.706009078,4.255300218,4.406015316,21.43929745,29.82997605,3.59118282,16.88214009,2.540945606,3.775031031,6.89E-14,1.12E-11
FBgn0035587,2.807368055,2.614634011,2.891663574,16.75524845,10.30462942,3.37241286,13.32544916,2.206649417,3.050423207,1.60E-09,1.41E-07
FBgn0035600,228.6227073,207.7238006,369.3875761,102.9758221,121.4028644,180.8029962,111.1558574,-1.210354752,7.465070061,0.000145093,0.004098071
FBgn0035612,31.70560783,72.92501167,92.77232322,252.9972106,275.8062978,46.17163429,58.83633702,2.281564459,7.480251678,1.90E-05,0.00069838
FBgn0035665,0.0992681,0.210643744,0.100136332,0.477212031,3.3416915,0.57132454,5.159845357,5.449417211,2.480762893,1.91E-07,1.19E-05
FBgn0035673,2.56674218,1.481828185,3.137605083,24.97063344,32.1682991,1.836400306,14.86662656,3.620313138,3.920600252,1.83E-18,5.75E-16
FBgn0035679,27.12778791,33.14348715,26.34743786,46.76200691,72.20250751,33.69529303,60.92591766,0.953330383,5.466948795,0.00109646,0.022256648
FBgn0035685,15.88574173,9.268324742,5.507498283,0.183543089,0.036716438,12.47846251,1.11818472,-4.391053461,2.516872232,4.48E-10,4.32E-08
FBgn0035696,28.39339001,31.36493776,35.98499242,76.27243182,75.3832525,34.09677095,95.24228533,1.196913903,5.741821004,5.65E-05,0.001862306
FBgn0035735,0.330893668,0.042128749,1.468666209,5.286040958,5.360746765,0.734560122,0.288563799,3.867367212,2.359296681,0.000131931,0.003788033
FBgn0035737,1.720832372,9.264111867,1.034802183,154.1321443,160.3069042,0.897795705,22.49416132,6.119773942,6.832142556,5.70E-11,6.32E-09
FBgn0035751,0.165498122,0.379158739,0.333787775,0.770880973,4.432591937,0.163235583,11.83111575,4.059200246,1.270647541,3.94E-06,0.000176175
FBgn0035791,42.56116491,42.23278156,30.30899473,170.0788377,213.8414897,43.13370502,96.87377454,1.839193528,6.501877484,1.51E-07,9.56E-06
FBgn0035815,1.952272639,2.991141588,2.403271644,12.88552508,8.297914913,3.223902759,4.436825313,1.993379384,2.733973963,1.46E-05,0.000560865
FBgn0035816,13.10338924,14.28496054,17.49672123,6.132387927,4.737228221,12.12024202,5.629914703,-1.360141466,3.318590665,5.60E-05,0.001849045
FBgn0035845,16.49486403,18.35418646,38.05434406,5.543010571,3.524778728,8.504435111,2.597074189,-2.490269515,3.593131704,7.41E-08,5.06E-06
FBgn0035865,2.415523774,3.496686153,10.21391592,27.53190383,27.35246099,4.040080673,18.4235938,1.895803411,3.584026124,0.002565126,0.044135442
FBgn0035877,23.99525065,26.05781075,20.56660077,38.25184806,45.1296422,25.58460663,37.34304121,0.893044829,5.105620231,0.002494424,0.043186853
FBgn0036022,0.264714934,0.294901242,0.100136332,3.230358363,29.52174156,0.163235583,70.44996584,6.990576545,3.755778241,2.05E-13,3.16E-11
FBgn0036023,0.628697969,1.685149953,0.702863593,83.65086399,234.7403024,0.979621622,480.913213,7.730636276,6.7369905,3.82E-26,1.96E-23
FBgn0036024,0.496340501,0.631931232,1.268393544,2.349351537,11.16220093,0.856986809,33.32020936,4.617757211,3.396269371,2.75E-11,3.28E-09
FBgn0036106,58.23179929,90.13779892,27.90467132,165.4936303,227.8227016,95.72124778,281.0629796,2.340541617,7.688338848,1.14E-06,5.79E-05
FBgn0036112,0.132357467,0.252772493,0.367166552,39.05136175,24.36612953,0.122426687,0.504986648,6.92066076,3.780762637,4.50E-13,6.64E-11
FBgn0036282,15.75053858,12.98694514,16.36050764,8.553107939,6.976123157,10.85516625,5.37500574,-1.11524581,3.36453796,0.001453934,0.028319035
FBgn0036289,47.62320933,37.92594271,90.94815635,225.0216244,193.3351757,56.22119132,92.6805602,1.441291848,6.757231415,0.000101475,0.003036977
FBgn0036351,10.31660277,15.27912824,1.677590653,130.8746653,325.1805989,63.11177336,367.0242957,3.33716283,6.972079502,1.26E-05,0.000493515
FBgn0036363,1.191217204,1.263862465,1.568802541,3.161019455,14.52340722,2.489342637,9.470050679,2.411087765,2.3846967,2.35E-06,0.000110299
FBgn0036377,15.40452307,15.78404129,15.72140419,5.689835754,6.021495778,9.888321896,4.589462938,-1.51513787,3.271824953,2.51E-05,0.000896689
FBgn0036380,9.39744634,9.563225984,32.59985032,1.651887799,5.691047839,9.916561652,5.158077904,-2.003702128,3.27541394,0.000101596,0.003036977
FBgn0036416,1.853024392,1.474506209,2.069484203,2.166469203,1045.827339,2.129840751,1812.649573,8.567600758,8.487473559,2.54E-08,1.89E-06
FBgn0036417,0.89508193,0.758759831,1.135038652,1.137967151,818.9388466,1.061031288,1293.381001,9.09425015,8.049423009,1.56E-08,1.20E-06
FBgn0036419,7.114213855,10.54293004,6.942785715,16.18761943,28.09696019,5.898925871,26.35633527,1.636272602,3.975930621,1.05E-06,5.41E-05
FBgn0036529,7.35014104,11.30794599,7.396069513,22.14410658,31.30362699,9.45656378,20.63263625,1.414260226,4.029954164,1.10E-05,0.000434252
FBgn0036585,51.75474766,55.81680061,318.0960777,5.739245553,11.20152424,38.87704337,2.534686696,-3.51584846,5.982631028,6.54E-07,3.50E-05
FBgn0036590,135.783871,272.4900113,1446.23567,23.85204844,10.53761761,80.84283044,10.89660189,-4.8304327,7.968737915,2.67E-10,2.66E-08
FBgn0036591,502.5910829,347.698675,70.72962947,7.504269312,3.818509517,365.3636754,4.436668407,-6.167608278,7.349649719,1.40E-24,6.96E-22
FBgn0036592,0.562519235,0.421287488,0.26703022,56.19098247,40.14685444,0.612133435,3.029919888,6.459112316,4.389057015,6.54E-18,1.93E-15
FBgn0036594,0.694876702,1.980051195,1.134878434,20.67943273,14.7232915,0.612133435,0.685339022,4.186073208,3.419826929,2.54E-07,1.53E-05
FBgn0036596,4.24566356,3.333487805,1.869308337,31.13786477,22.74032567,2.737032229,5.663136693,2.535666172,3.384231637,4.68E-07,2.64E-05
FBgn0036597,92.48709637,305.8273328,1421.311737,4.960765896,3.414628703,47.88923909,4.184175083,-6.688055293,7.881379479,3.99E-14,7.10E-12
FBgn0036602,387.1455912,227.2058192,324.0762194,10.48332048,8.765168299,204.2803538,13.31000522,-4.891166967,7.206820029,5.02E-35,3.48E-32
FBgn0036603,13.23574671,25.27421603,191.5210832,2.239563403,0.881693848,13.11499966,16.22150574,-3.555009292,5.047432677,0.000175284,0.004813541
FBgn0036605,2.194526511,4.577920491,6.708967378,18.90383689,10.71954756,2.145409345,2.268497413,3.117652589,4.247186927,9.52E-05,0.002875556
FBgn0036606,0.254087622,1.193713885,0.96816813,4.767274772,2.555478748,0.38474178,0.65321105,4.240523911,2.818980739,1.93E-05,0.000706264
FBgn0036612,116.2219337,173.7072793,49.85220552,1060.754391,622.6768936,205.160969,225.0900071,2.05245304,8.454269474,3.36E-05,0.00117023
FBgn0036618,3.838498902,6.142834995,1.568802541,7.488558024,51.13094393,5.631627605,1.875664692,3.762791485,4.971458595,4.00E-05,0.001362783
FBgn0036619,49.97784867,136.9605624,561.5411871,2.275934301,2.129553385,45.30358746,17.84799559,-4.905239298,6.681180865,1.32E-08,1.02E-06
FBgn0036679,15.71152622,14.4451054,25.96615209,8.076446538,2.20298626,10.35489,5.788481593,-1.802399898,3.429078852,7.09E-05,0.00224027
FBgn0036727,0.529429868,1.137476218,0.700954327,5.299021125,4.40597252,0.897795705,6.204110854,3.329759177,2.195940176,1.52E-09,1.36E-07
FBgn0036786,2.779506808,2.991141167,2.203947271,6.616434683,8.885377916,4.325742943,10.38876567,1.421014533,2.517350067,0.000390555,0.009586228
FBgn0036836,4.337420374,2.655707856,3.738423077,7.268306317,6.242014702,2.407737088,12.98537095,1.293538963,2.524810893,0.002379362,0.041662877
FBgn0036873,0.76829208,1.770730293,0.536543821,1.698309517,0.708954023,0.299897637,1.045077082,3.496137335,2.39348046,0.000707317,0.015644451
FBgn0036879,0.562625121,9.544520819,367.7907353,0.220251707,0.036716438,0.367341683,0.216422849,-9.464711262,5.568311094,1.02E-07,6.77E-06
FBgn0036881,1101.947386,1032.073038,2220.949418,6.278704387,5.587547872,542.8758422,17.72200864,-7.182828986,9.268016901,6.63E-31,4.00E-28
FBgn0036977,0.40087106,0.774800773,0.26703022,11.68112268,9.937439706,0.292547955,11.46496436,4.719308125,2.585022431,4.18E-22,1.76E-19
FBgn0036993,10.40366089,10.12335719,9.465727286,17.17034583,24.44611996,11.35132081,21.53382099,1.048278544,3.993710907,0.000475292,0.01117178
FBgn0036997,13.69899784,8.9734235,6.484595236,3.160178828,3.194330077,10.52881751,5.237793653,-1.411355948,2.786552615,0.000392304,0.009595181
FBgn0037083,1.092389192,2.69882663,0.634196772,8.337554936,11.63963946,1.551485655,16.91706713,3.948774736,3.624757811,2.04E-10,2.07E-08
FBgn0037099,22.83215941,26.21305519,13.65806168,61.19069621,114.4690019,28.64882419,73.04884356,1.636585614,5.5543653,1.44E-05,0.000557961
FBgn0037114,61.83045984,52.5880533,40.37830711,23.45016249,409.7223996,78.82809526,713.9032312,2.441567214,7.554037281,0.000243161,0.006362556
FBgn0037122,0.565037336,0.762829468,0.66875382,0.700818905,0.55316985,0.410043703,0.649268547,2.964784915,1.44564108,0.001992048,0.036206719
FBgn0037174,48.96382502,44.299757,86.48424554,7.451842065,14.10756052,32.69592399,11.25400258,-2.228481173,5.013589574,1.20E-09,1.09E-07
FBgn0037203,7.755121799,8.173196342,16.32674501,26.78654269,49.18045661,7.683629468,64.26985628,2.090142512,4.719466521,6.44E-08,4.44E-06
FBgn0037225,7.445094287,5.154793662,4.205725962,0.513920649,0.403880814,4.856262668,1.803521939,-2.63607543,1.686270136,6.82E-07,3.62E-05
FBgn0037227,25.32332548,20.52192464,3.771801855,3.855322581,2.721407673,21.3208524,9.464604038,-1.769159002,3.528328112,0.000740059,0.016239149
FBgn0037323,280.9833544,317.7244915,74.8706273,85.925664,98.47391908,199.6833664,102.3852277,-1.376898393,7.240850667,0.000798118,0.017213534
FBgn0037387,14.22841447,18.07389888,13.6336885,52.01171368,51.94915139,18.27226221,34.28053525,1.72901737,5.116924975,9.45E-08,6.27E-06
FBgn0037409,20.18924551,35.02975975,27.99140941,61.62459207,142.7795783,47.62234891,99.41419645,1.358527565,5.866876192,0.001250954,0.025033518
FBgn0037410,19.9370946,34.54685896,8.27806165,133.5693752,126.612971,24.82540202,65.90910066,2.342667729,6.056095207,8.30E-09,6.70E-07
FBgn0037413,3.110400476,2.826772062,2.503408311,9.470823383,15.00021055,5.71326172,6.636967373,1.498955048,2.774176903,0.000446393,0.010710351
FBgn0037416,108.3048064,226.7348197,317.2342376,755.4927205,1335.028032,461.2098964,376.2439091,1.431514603,9.00753414,0.001747405,0.032880613
FBgn0037427,26.43913201,31.60308315,25.46329413,67.44690923,108.6226435,42.54841567,108.3589528,1.273779019,5.752974534,0.002790323,0.047133001
FBgn0037547,50.05402039,45.56337933,93.01296752,24.15473406,10.64777794,29.75976475,27.73870015,-1.34368405,5.253088191,0.000625653,0.014039739
FBgn0037615,55.79859918,51.34062104,64.52751882,20.71173632,18.16387873,25.48017667,16.92065975,-1.466051773,5.07220456,1.18E-05,0.000464132
FBgn0037627,0.562519235,0.547673735,0.734333104,0.073417236,0.257015064,0.530515644,0.144281899,-1.703760072,-1.111534115,0.002836918,0.04768774
FBgn0037645,25.51612398,10.62722966,16.15596249,98.99168902,96.18238011,21.84942963,127.7450295,2.177414334,5.680517441,2.53E-05,0.000903535
FBgn0037664,152.3774605,125.587022,76.61127047,398.7073114,340.8288876,137.3334829,376.3520844,1.32754948,7.754126716,0.000581044,0.013209705
FBgn0037684,5.222428578,7.033858039,4.465502973,11.30592389,13.94211258,6.126761936,15.76890424,1.154717548,3.214796627,0.001075645,0.021993675
FBgn0037724,0.363983034,0.547673735,0.166893887,4.737210414,17.44430998,0.244853374,26.81212179,5.338943571,2.803861325,5.97E-15,1.22E-12
FBgn0037750,7.081124488,7.920677759,4.405995289,10.46195129,14.9852229,5.468416507,15.58380139,1.219834569,3.381963653,0.000549553,0.0126243
FBgn0037761,2.680238708,3.370299906,15.39616138,0.33037756,0.293731501,2.57257238,0.865691396,-3.644388676,1.734433494,1.59E-07,1.00E-05
FBgn0037779,26.10489632,31.20998822,26.1798764,56.01441402,63.25140717,30.04995681,48.71065136,1.053054393,5.450031675,0.000218638,0.005842132
FBgn0037832,18.30086843,15.64257295,2.336514423,0.770880973,0.62417944,12.60994877,4.813099882,-2.742382041,2.826562417,8.36E-05,0.002582713
FBgn0037992,116.7222019,260.4496949,92.90310461,460.7524264,901.0468249,335.3480144,588.3431924,1.569246641,8.642042517,0.000209335,0.005637
FBgn0038003,0.0992681,0.168514995,0.367166552,0.587337884,0.367164377,0.163235583,0.108211425,6.077974797,2.819968757,3.05E-05,0.001068951
FBgn0038017,103.9912765,121.4019942,60.97701826,847.9984373,881.2826235,128.0105683,500.3696272,2.564156917,8.484639364,2.85E-09,2.43E-07
FBgn0038073,43.34443523,27.05176681,17.44799823,170.165404,150.3137363,43.92207983,53.00652119,1.593504402,6.049975817,0.001586434,0.030556489
FBgn0038095,11.89916791,9.601858046,10.09731384,56.18364075,75.51506452,11.86494157,66.30979674,2.574100911,5.24315316,9.69E-18,2.74E-15
FBgn0038114,2.146182946,4.063840221,2.570165865,4.44174275,7.159705345,2.122062576,8.460041313,1.350333554,2.295275363,0.001348314,0.026560253
FBgn0038130,49.65721271,59.87422041,146.9534057,18.80219073,22.26936392,39.63817009,16.90709725,-1.792304646,5.578465069,8.25E-06,0.000337444
FBgn0038143,42.73279946,40.53547873,68.4747128,30.05330711,23.0797651,39.24033926,25.43009634,-0.915129663,5.194202092,0.002989464,0.049709695
FBgn0038181,142.8858451,133.6342449,615.8838863,6.607551198,23.09660729,89.23154785,28.17670032,-3.607537957,7.053748792,1.78E-09,1.57E-07
FBgn0038207,0.463492687,1.643282402,0.567439217,2.021349025,5.801197152,0.897795705,8.746332672,2.35415805,1.485664031,0.000178504,0.004882619
FBgn0038250,15.18199708,30.86878748,15.4214625,36.92886947,63.34540125,22.58164324,60.16771628,1.386228036,5.249114262,3.55E-05,0.00122132
FBgn0038294,38.18282292,47.07847425,400.0951812,22.2028417,27.50063024,24.43931477,25.36671654,-2.030744361,6.311244218,0.002886601,0.048464139
FBgn0038337,0.661786343,0.968961223,1.068120879,5.139206487,12.22992595,0.612133435,13.25611593,3.504462745,2.381864372,8.28E-13,1.16E-10
FBgn0038416,0.761055436,1.853664948,1.235014767,1.725305035,4.002091706,0.816177914,3.138131312,1.570200195,1.254920712,0.00155067,0.029992598
FBgn0038422,30.01268766,22.54354427,51.45942703,15.85977843,9.509572043,17.63619681,11.29167459,-1.19865272,4.453818653,0.001294954,0.02562289
FBgn0038451,29.74287366,32.20536417,58.81073561,0.110125853,1.431941069,20.16036984,8.404420641,-3.569312768,4.261386393,3.77E-06,0.000170134
FBgn0038526,0.066178734,0.337029991,0.166893887,16.32419274,5.58090954,0.490845316,0.504986648,6.007953417,3.134148142,3.62E-09,3.00E-07
FBgn0038595,7.185786155,10.61703451,7.344365786,14.24294369,16.0817997,9.037456421,17.83605626,1.044356908,3.717495995,0.00127014,0.025271599
FBgn0038629,95.46008332,123.8358563,71.30644812,37.85580979,31.96464404,161.0649576,67.08718401,-1.222428556,6.334877622,0.000415391,0.010071053
FBgn0038632,79.07432155,73.10854556,66.1417165,18.06805508,12.07985486,59.44672644,16.85962851,-1.924073386,5.457706563,1.97E-09,1.70E-07
FBgn0038642,25.63436552,28.26527293,40.72190825,6.319425257,1.872538321,27.57399541,7.105883546,-2.864710466,4.124783947,2.71E-09,2.32E-07
FBgn0038654,9.533212012,12.09095091,10.04988259,2.018973977,0.844478066,9.307868406,1.33460757,-3.044037754,2.539739474,1.11E-11,1.42E-09
FBgn0038665,4.930318957,4.886934864,9.505167649,1.366993685,2.166269822,3.999271777,2.236369441,-1.506762116,2.007259299,0.000668842,0.014888443
FBgn0038700,6.353158419,6.44569857,17.96559625,0.183543089,0.917910942,4.611405213,1.983876117,-3.295325828,2.308641729,6.82E-07,3.62E-05
FBgn0038714,77.28584127,88.44551657,258.9185093,2.609949685,4.148957456,39.16217513,5.338430278,-4.989424049,5.904142556,3.01E-19,9.93E-17
FBgn0038716,0.992681003,0.800446228,1.637509417,1.174675768,6.909012852,0.897795705,12.1918205,2.289912335,1.713702901,0.001288827,0.025570024
FBgn0038727,21.13669335,22.53925978,13.38622492,166.3935568,176.0593574,35.79637984,84.29164986,2.275448795,6.08487447,6.67E-06,0.000281088
FBgn0038749,10.75169485,9.860149405,24.16596786,1.064549915,2.278732271,9.506146588,3.192489518,-2.639336608,2.991850499,2.04E-08,1.54E-06
FBgn0038774,4.103081479,3.370299906,5.147341274,1.872139506,1.619466603,2.734196011,1.731382793,-1.321034074,1.467413069,0.002419171,0.042147068
FBgn0038819,605.2607701,689.0620287,1430.427481,15.96861581,8.227088905,294.3533403,18.52496626,-5.892984145,8.584285259,1.20E-27,6.65E-25
FBgn0038840,43.20819439,38.34550714,46.60808876,6.365788241,9.597728209,28.24032714,14.90223894,-1.966848926,4.622235151,1.12E-08,8.85E-07
FBgn0038846,38.3916466,48.12627334,39.26350601,63.77383759,248.1495751,42.61478318,332.9664019,2.072576835,6.777046572,1.59E-05,0.00060827
FBgn0038866,0.562519235,2.443467432,0.867848214,4.221491043,2.974031451,0.734560122,1.839594217,2.563208061,2.015471324,0.000337295,0.008431752
FBgn0038880,10.50428566,11.40859225,25.66854691,2.165808448,2.827165757,9.440444266,3.859540809,-2.371686002,3.101704441,6.07E-08,4.21E-06
FBgn0038897,2.382434407,3.917973641,2.837196085,35.30847767,32.00065185,3.917653986,7.765237398,3.508365289,4.341527612,3.96E-11,4.69E-09
FBgn0039006,30.62447366,30.12268734,22.38721281,56.85320594,63.32961318,36.66389534,49.59437799,0.880113422,5.412991806,0.002657269,0.04532719
FBgn0039068,8.26531351,7.288273547,6.2006353,15.08463192,17.43891267,9.02538515,17.5393225,0.993132049,3.53352329,0.002687144,0.045724312
FBgn0039073,50.73138289,70.96101448,48.5787364,131.4680271,185.7434023,79.88726485,139.4475179,1.298884664,6.758484448,2.13E-05,0.00077249
FBgn0039081,5.161954782,4.212874883,4.80797891,14.77178272,19.16732061,6.325390666,12.30006439,2.146689733,3.806667021,4.02E-07,2.28E-05
FBgn0039099,2.183898207,2.654111176,1.835832761,4.368325514,11.45552855,4.124187807,20.70445257,1.906028042,2.696728125,0.000462836,0.010934596
FBgn0039131,43.05582778,57.22079172,29.42478758,320.7692994,185.0388763,36.32471221,26.0955277,2.081579859,6.76381614,6.13E-05,0.001986585
FBgn0039272,5.401405654,9.478968486,6.586060044,17.39191905,34.68990694,12.8376216,25.33085167,1.443701912,4.001454618,0.000127816,0.003685133
FBgn0039299,0.132357467,0.589802484,0.033378777,0.183543089,7.628867986,0.856986809,11.73524043,3.641756608,1.486189526,0.000776639,0.016853293
FBgn0039313,0.165446834,0.252772493,0.267041235,5.040129928,6.86598853,0.408088957,36.55453702,5.459175938,2.657139011,5.21E-08,3.65E-06
FBgn0039332,22.81386099,25.4882722,78.02623022,9.36069753,9.916302052,18.58677882,16.16336013,-1.570635449,4.602631504,0.000343656,0.00857163
FBgn0039358,215.58438,180.6580595,281.8354099,112.2461063,106.1289365,146.4486395,101.7739269,-1.013136678,7.268760489,0.000968889,0.020151415
FBgn0039469,0.496340501,0.168514995,0.333787775,140.6332843,102.5365268,0.652942331,14.13854403,7.337169212,5.090869486,4.55E-19,1.47E-16
FBgn0039480,278.9900145,353.4791606,221.5001921,34.00729299,111.9860124,195.4246358,59.67676826,-1.612848341,7.444061143,7.88E-05,0.002449418
FBgn0039481,245.3083514,199.3443924,376.5827053,4.851557758,51.48819487,102.0499893,13.78837186,-2.753468765,7.051023572,1.15E-05,0.000452701
FBgn0039483,0.066178734,0.252772493,36.2693796,0.477212031,0.183582188,0.081617791,0.108211425,-5.329625725,2.261759819,0.000453736,0.01080101
FBgn0039536,36.53307643,33.74516573,54.53591558,25.73814823,19.0925502,31.386138,14.50778084,-1.060882882,4.856093242,0.000981103,0.020277104
FBgn0039592,0.363983034,0.379846281,0.300408997,280.2644233,309.8962802,0.57132454,358.8236733,9.67260367,7.370598624,1.66E-100,2.30E-96
FBgn0039647,41.37557952,40.85889144,69.02457476,26.443218,24.40423018,35.36204668,19.59694831,-1.11441774,5.095082017,0.000612571,0.01379081
FBgn0039648,34.23889137,74.72249793,112.1206487,2.02384154,2.276419135,19.78137762,5.230218854,-4.378518174,4.98333678,1.54E-15,3.44E-13
FBgn0039667,43.78070661,37.49205873,64.24149608,21.74724971,21.5134459,28.66551502,16.32239486,-1.243757609,4.956325404,0.000188896,0.005146591
FBgn0039719,0.529429868,0.421287488,21.88145757,0.183543089,0.073432875,0.433692458,0.324634274,-4.780840437,1.636772485,5.70E-05,0.001871736
FBgn0039754,85.38012908,42.48701171,48.92644513,79.8474474,471.2580476,48.50928945,69.28413203,2.023670499,7.157501433,0.000108534,0.00321613
FBgn0039758,10.91949103,13.99967814,7.176437157,32.92359219,29.86724324,5.95809877,14.24837862,1.254165976,4.015899809,0.00159582,0.030694644
FBgn0039777,0.751290763,0.401241366,0.276625617,0.475185715,1.190530491,1.012925762,2.291293953,2.508530086,1.080701562,0.001682696,0.032054434
FBgn0039778,0.175210844,0.399204862,0.15729849,0.515946964,1.511531291,1.038133416,1.624787326,3.262126666,1.267880831,0.000400058,0.009767625
FBgn0039789,16.38271093,25.86705178,12.8842081,37.59072585,85.68845506,43.30680819,94.80655399,1.782948912,5.773734383,2.68E-05,0.00094396
FBgn0039848,1.424513784,2.793270859,2.208410013,218.362314,186.704187,2.133668626,353.939731,6.604016284,6.717799793,1.81E-37,1.39E-34
FBgn0039915,43.37585821,45.08028897,149.6126929,11.26954565,12.15314087,31.5752709,16.4617351,-2.313863416,5.342291539,2.81E-07,1.66E-05
FBgn0040060,0.661787335,0.926832474,0.066757555,2.165808448,2.20298626,0.163235583,3.174201787,5.169621365,3.091500847,2.38E-06,0.000111576
FBgn0040279,47.76747897,38.91900158,2.604158812,850.8396843,858.3458649,57.79029336,450.5490873,3.904045243,8.19825841,1.86E-06,9.02E-05
FBgn0040299,1.922290033,1.517635094,1.369106995,8.893011385,13.58508346,1.511946324,17.11590454,3.018130017,2.865216433,1.17E-13,1.86E-11
FBgn0040359,690.168426,425.5298533,47.71462861,39.52159914,27.96213743,430.4707018,249.0821392,-2.217209806,7.919784124,0.002606898,0.044687831
FBgn0040364,8.809690838,14.6427916,9.884674002,22.47580565,33.76902563,7.468047907,31.61976926,1.451904893,4.257407558,1.04E-05,0.000413633
FBgn0040367,21.55859601,29.63097322,52.05159993,203.5247642,204.4645888,43.83409993,98.48520137,1.901489461,6.445444149,2.58E-05,0.00091571
FBgn0040507,4.930315648,3.960401504,3.771801855,15.52983771,16.28094966,5.305156439,10.82731051,1.822298266,3.359920905,3.79E-07,2.17E-05
FBgn0040601,293.8948253,238.014371,235.8384532,21.67846511,44.12400467,157.2735745,60.9398048,-2.680474225,7.063283589,9.55E-11,1.02E-08
FBgn0040732,170.527041,216.0601952,177.6520509,365.0567491,767.836615,274.0772773,544.3806203,1.303335628,8.505722071,0.000114271,0.003350778
FBgn0040736,0.132357467,0.379158739,0.200272665,0.073417236,10.62119891,0.449070474,0.360704749,4.125957747,1.468821387,0.000149236,0.004197973
FBgn0040759,0.827233176,0.631929547,0.901403899,0.881007561,7.490384598,0.530515644,16.94362582,3.258165781,1.97284566,8.05E-06,0.000331225
FBgn0040827,10.16171144,13.20740489,18.32494883,25.56982821,40.11270815,10.32848664,27.13379829,1.311244184,4.506027761,5.88E-05,0.00190816
FBgn0040837,0.430161768,1.053218299,1.168257212,2.826563568,2.496717761,0.979413496,4.508809357,1.751865518,1.041046599,0.000238731,0.006270309
FBgn0040842,1.588289605,9.563815786,20.32577289,215.7225973,128.9642843,2.750286959,7.827293043,4.843262725,6.991453454,5.58E-07,3.05E-05
FBgn0040900,124.4653553,85.49486113,109.1641235,3.487318688,5.774328062,90.64267865,33.90368536,-2.824491864,5.871071745,2.13E-07,1.30E-05
FBgn0040968,3.154915601,6.35408118,4.572608794,6.036185233,9.010177087,2.511812831,8.617737822,1.476522606,2.985067773,0.001916014,0.035381196
FBgn0040992,3.292391629,4.925029322,4.991982859,15.96830599,55.53770806,3.08107244,17.9991821,2.911815023,4.1250455,1.85E-11,2.24E-09
FBgn0040993,0.512885185,0.505544986,0.283719609,12.74479893,17.86077536,0.816179138,1.226394341,4.108207579,2.300441981,1.25E-08,9.66E-07
FBgn0041160,17.01571052,19.61409223,16.96896938,39.26206922,45.78466344,19.23049834,48.1822189,1.311365917,4.989556831,4.40E-06,0.000194189
FBgn0041183,13.70015597,13.52383392,8.245959945,34.19264581,42.42547656,18.03879697,36.19888574,1.551695203,4.72049487,1.46E-06,7.18E-05
FBgn0041581,1.109609891,3.339061439,1.255526025,1.254197647,44.20400979,2.391005441,4.399371536,3.412342838,3.567653762,2.28E-05,0.000827252
FBgn0041709,0.033089367,0.126386246,0.200272665,1.027841297,0.638234493,0.040808896,0.468916173,2.536597649,-1.221385631,0.000308278,0.007797662
FBgn0041711,58.88186637,64.28678556,58.9966554,8.846776881,16.3755312,45.61577551,33.96872042,-1.637890847,5.236297465,1.94E-05,0.000711236
FBgn0042118,0.230795355,1.482746592,1.484310842,0.95837501,3.594933215,0.734347916,0.292796308,3.99250155,3.070125749,0.000499267,0.0116367
FBgn0042627,17.67023474,28.27888052,92.18403896,6.42401178,3.855225955,15.18090511,6.096415237,-2.847020032,4.453619506,4.19E-08,3.02E-06
FBgn0043471,5.823728551,4.212874883,5.80790728,1.211384386,1.542090382,4.169404063,1.659241843,-2.081603265,1.664118844,4.20E-05,0.001424851
FBgn0043577,0.231625567,0.252772493,0.200272665,1.284801622,104.6899459,0.326471165,419.6826153,9.001611584,6.04574302,7.92E-10,7.37E-08
FBgn0043792,357.6810709,317.8921218,133.8501327,32.54680502,17.33490234,206.6055268,51.20415884,-3.089329996,7.149713612,1.38E-12,1.92E-10
FBgn0045064,68.72628388,105.3370384,62.04370386,105.9956199,172.0469851,85.41461022,202.9811867,0.960484982,6.88831695,0.002645984,0.045190285
FBgn0046253,1.959347146,1.775145386,1.429402753,0.973589631,25.87631333,2.411642499,38.9755909,3.191759617,3.277067018,4.67E-05,0.001557979
FBgn0046689,2.515394101,2.823001117,2.472529603,8.188481239,14.25684588,2.734196011,2.389279398,1.985436663,2.725430476,0.00012519,0.003633779
FBgn0050042,0.496615143,0.337029991,247.443887,2.422768772,0.514030127,0.653725862,0.468916173,-6.019084105,4.986244531,0.000172685,0.004751565
FBgn0050045,25.71139757,28.06642524,372.3135597,1.174675768,0.550746565,10.37611063,2.488862765,-6.577827112,5.78724034,2.74E-10,2.71E-08
FBgn0050101,4048.649471,2620.066934,483.701878,429.8432306,341.0971746,2349.021249,1418.424532,-2.061324315,10.52387135,0.002147909,0.038431202
FBgn0050375,1.687557705,5.813767338,1.502044986,56.18107114,59.65062613,0.57132454,10.13580343,4.814261749,5.126664882,1.63E-10,1.67E-08
FBgn0051100,6.825343925,9.443116921,16.68978928,14.15690971,37.97867536,4.44816963,47.94180918,1.538267345,4.197295679,0.002786135,0.047119667
FBgn0051116,17.77396692,17.74375543,21.36365594,48.07097015,52.02032363,18.69060889,54.58168023,1.274975807,5.017287796,4.18E-05,0.001421333
FBgn0051221,29.36427505,27.80503742,38.64554134,19.10624821,16.88970158,29.54929287,14.97242127,-0.928992928,4.58358878,0.001643896,0.031488332
FBgn0051259,0.827234169,0.589802484,1.034742435,5.733241492,4.662990888,0.938603377,1.805965353,2.455244689,1.50389915,1.17E-06,5.91E-05
FBgn0051343,25.19649393,19.21070946,20.11919164,3.30408028,8.77772532,30.24253399,6.673073918,-1.94105201,3.907259247,8.71E-08,5.84E-06
FBgn0051344,25.82764051,25.35691476,26.0067073,55.51811351,100.3618122,44.6812518,88.49133525,1.276600558,5.70629916,0.000144772,0.004097346
FBgn0051380,7.414665305,5.603123594,5.874664835,0.917715444,1.395224631,4.244125151,2.236369441,-2.11074013,1.863060459,5.47E-06,0.000233269
FBgn0051414,5.39376201,5.589954147,8.7786118,12.11413753,15.82478463,4.774640795,20.30886767,1.201270885,3.350986407,0.001809678,0.033883092
FBgn0051437,0.330893668,0.337029991,0.567439217,3.645213465,9.876721733,0.367280061,29.78660136,4.785773124,2.556130361,1.89E-09,1.65E-07
FBgn0051547,20.23828395,23.59513261,20.64253749,56.33700935,94.57926701,18.78470196,185.5934143,2.292657156,5.942080226,9.88E-10,9.14E-08
FBgn0051626,3.209668576,5.023840659,9.271285893,59.01636769,19.55441834,3.802866724,2.561003715,3.155378018,4.727080411,1.84E-05,0.000677537
FBgn0051636,8.572035395,7.688930587,6.442791655,30.98853044,122.9650387,13.61798562,147.457544,3.190669083,5.525963571,5.51E-10,5.23E-08
FBgn0051663,15.65126386,14.4527307,15.35472497,29.36880306,26.07116379,11.10194581,30.08797378,0.994209649,4.408378006,0.000728966,0.01602108
FBgn0051704,1.05886106,0.842577083,0.13351511,12.84800153,11.82270027,0.408088957,3.463454532,4.704722803,3.068286766,6.63E-11,7.24E-09
FBgn0051780,24.10166605,23.92297854,21.09198273,49.2772814,61.7721019,31.9945415,63.93022751,1.194104851,5.379473463,4.47E-05,0.001502927
FBgn0051876,38.71687537,165.3696629,1711.884009,0.697463738,0.403880814,48.62583966,0.902140611,-9.678924405,7.942329605,4.16E-16,9.95E-14
FBgn0051901,13.03863335,31.69164621,17.39034306,17.64164778,101.7034308,18.81310496,27.72917754,1.414609946,5.215444675,0.002984134,0.049680642
FBgn0051973,399.5884174,419.8577649,507.4262446,167.5104899,214.012111,392.9572632,146.0069843,-1.236395094,8.258793457,3.42E-05,0.001185333
FBgn0052029,807.4004027,707.8345992,148.3783457,69.19647866,129.4382935,613.6188791,412.6714816,-1.595312164,8.56578766,0.002918991,0.048830607
FBgn0052036,69.85727843,61.77127797,76.88300709,3.084430595,4.40597252,42.65509013,12.6246662,-3.454219592,5.101660134,4.16E-13,6.21E-11
FBgn0052191,11.87910583,2.864754499,4.806556306,0.590821532,0.183582188,7.186297986,0.216422849,-4.15774987,1.852133798,8.82E-12,1.14E-09
FBgn0052213,1.32986165,3.392750316,0.519557361,1.792775474,2.701389872,1.823337378,0.783356931,2.941078294,2.94981886,0.002829156,0.047614966
FBgn0052274,0.165446834,0.674059981,0.069065364,11.12271118,31.208715,0.040808896,27.78180437,6.607708228,3.545576533,6.78E-24,3.03E-21
FBgn0052279,31.14136265,62.60921878,50.53713803,90.74186768,115.8730385,13.63017116,171.7409091,1.869556298,6.522788138,1.35E-05,0.000527114
FBgn0052432,20.38365877,20.68824473,31.07086866,13.36836087,10.57036867,20.1988363,11.28150993,-1.019617543,4.113766697,0.000971234,0.020153356
FBgn0052631,1.390593874,0.884703725,1.104824183,31.8595929,523.6241325,1.265989886,1248.583094,8.601287839,7.827919412,4.78E-13,6.97E-11
FBgn0052633,5.393573401,5.859005189,2.436650756,30.82294154,48.84545584,4.7338319,47.98224419,3.069228269,4.4396798,6.76E-16,1.59E-13
FBgn0052656,0.893412903,3.710346315,0.734333104,10.86575086,20.63489498,1.551113478,24.00536993,3.226143791,3.165047717,4.41E-09,3.59E-07
FBgn0052762,0.397072401,0.547673735,0.433924107,105.5022928,334.2237106,0.244857863,962.9630067,9.764482725,7.482179228,1.08E-22,4.67E-20
FBgn0053080,13.3404183,14.68793972,14.8511961,44.06205137,70.04222247,16.86917729,50.4043405,1.63647589,4.943220122,4.94E-06,0.000214967
FBgn0053098,6.780093974,5.603106742,13.20884008,1.872139506,1.615523625,4.122796224,3.244538131,-1.682827353,2.308204163,0.000356558,0.008861553
FBgn0053110,7.916531731,24.38222403,95.93361055,8.011105198,4.442688958,4.002120238,5.049866479,-2.652535644,4.266383816,0.000191574,0.005209311
FBgn0053459,1.720647072,1.895793697,1.902590316,5.039946385,6.14721286,3.346329446,6.745178797,1.275632532,1.949846911,0.002933392,0.04901239
FBgn0053462,1.356664037,1.895793697,1.535423764,1.79872227,5.948062902,2.65257822,2.669215139,2.050367067,2.277986746,0.001780834,0.03341895
FBgn0053468,0.628697969,1.600892455,0.934605769,2.349351537,5.397316337,0.897795705,2.849567513,1.684562483,1.144348292,0.000610139,0.013758378
FBgn0053514,1.277120509,3.247161786,0.801090659,8.300185563,13.38148929,0.828245104,14.4363058,2.908831533,2.724202288,1.09E-08,8.72E-07
FBgn0053519,499.4243643,360.7796093,822.5398618,110.80684,119.4406609,189.4163257,81.9853037,-2.169979611,8.160408194,8.35E-08,5.65E-06
FBgn0053548,22.25486908,23.80698966,28.80954995,9.72856193,14.14249254,17.5502043,8.881027039,-1.090095228,4.092189064,0.000575468,0.013125981
FBgn0053995,11.02823593,10.52126491,15.61024619,4.983485723,5.423631008,12.64056768,7.288418184,-1.083978184,3.207447138,0.001698056,0.032170279
FBgn0053998,0.432057789,0.421287488,0.595440673,253.6499412,397.4958258,0.652942331,371.4862135,9.254363251,7.34100666,7.56E-92,3.50E-88
FBgn0054031,0.232531223,0.084257498,0.167014719,0.457025962,0.514030127,0.163235583,0.516128818,1.782243649,-1.173053997,0.001810454,0.033883092
FBgn0054043,0.066178734,0.084257498,0.033378777,2.863272186,4.148957456,0.163235583,5.590923602,5.549049953,1.13313094,1.91E-19,6.45E-17
FBgn0062412,28.9672589,24.55941754,36.40990426,66.07624615,139.1564003,53.26336256,178.1538788,1.701800895,6.251835414,5.34E-06,0.000228516
FBgn0062978,78.41451957,82.24795633,192.1352527,48.00753031,44.58220011,84.10101268,41.43090812,-1.357749266,6.247949772,7.65E-05,0.002389827
FBgn0066365,89.03502171,161.967362,17.64645175,804.1978614,1463.974802,323.1966393,673.3262916,2.461413894,8.911388414,0.000111989,0.003297363
FBgn0083167,85.28806785,83.25463121,126.5832791,50.33264315,52.25331403,76.76544636,49.63414929,-0.877059741,6.167424103,0.002293115,0.040562395
FBgn0083945,11.04496591,7.372615302,12.93427627,1.137967151,0.403924874,5.917289875,6.31774367,-1.973802342,2.566708537,0.002208809,0.039357237
FBgn0083974,18.74072539,17.90568721,63.55285852,1.211384386,0.846728784,11.81499148,3.78739986,-4.020178684,3.902007314,4.34E-11,5.06E-09
FBgn0083977,26.0106214,20.91402955,40.40635863,12.6277535,11.78598934,17.71643526,14.21769347,-1.091639287,4.275963619,0.001084108,0.022059693
FBgn0085201,34.03216555,29.27947791,61.06621637,6.805759379,8.849431789,23.62836693,12.01148544,-2.037799045,4.528998454,2.31E-08,1.73E-06
FBgn0085231,0.066178734,0.042128749,0.100136332,0.440503413,0.330447939,0.081617791,0.829620922,2.45727444,-1.627988877,0.00189961,0.035266124
FBgn0085234,53.24773989,206.8492077,1154.712104,2.16224037,2.296033056,27.99804473,1.417028605,-7.404958072,7.50387854,5.88E-14,1.00E-11
FBgn0085235,1.526647423,1.983396217,1.935969093,4.808828927,100.6353497,4.330844055,154.0169599,4.744174516,5.091398191,4.81E-07,2.70E-05
FBgn0085261,1.992373643,2.906883669,2.703680975,5.873378842,11.53094044,3.59118282,19.28890285,1.819315757,2.681433655,0.000595541,0.013495035
FBgn0085265,1.489020181,2.274952437,1.16825621,5.249321695,15.31128322,1.958826993,12.00924691,2.449282187,2.495301229,5.96E-07,3.24E-05
FBgn0085273,0.198536201,0.884703725,0.46730422,0.624046502,596.2248298,0.693749186,820.8187158,9.295481586,7.473180076,2.49E-08,1.86E-06
FBgn0085309,0.198536201,0.631931232,0.233651442,102.917382,156.0723974,0.326471165,151.7546197,8.593082915,6.058691148,1.18E-76,3.27E-73
FBgn0085356,15.83802687,25.91516281,178.196609,1.101258533,1.692113746,12.2834776,0.432845698,-5.581274668,4.893709613,8.30E-12,1.09E-09
FBgn0085411,115.9688993,137.3061867,212.7857009,49.12841327,47.10840117,103.549104,84.01232011,-1.428703972,6.610671312,8.23E-05,0.00254895
FBgn0085426,29.14046188,31.34812997,35.38612742,9.573501059,17.95469417,19.67590295,17.79273202,-1.033599258,4.431310758,0.002093053,0.03764781
FBgn0085434,80.71212939,78.25097865,109.8921046,49.01832193,42.25181846,78.3624425,42.97220781,-0.99781838,6.027077797,0.000430162,0.010392834
FBgn0085447,141.1761706,134.2847932,204.662898,87.5095371,70.74482257,126.9906197,64.40260241,-1.059740162,6.812144985,0.000410447,0.009968617
FBgn0085452,21.79469261,17.41345912,19.89973953,9.849737078,9.930293218,13.86175838,9.843856224,-1.020517121,3.77548477,0.001695933,0.032170279
FBgn0085481,1.087637559,1.583767119,1.749702164,3.588639245,5.153714523,1.929126279,3.606715637,1.280844572,1.483538611,0.002298252,0.040601477
FBgn0087005,6.17910835,6.085034352,21.99915114,3.435420044,2.753523541,5.057119971,2.572575123,-1.943190863,2.6498997,0.000223967,0.005920227
FBgn0243514,3.772220901,4.886934864,38.10788267,4.772597521,3.010747889,6.325378831,1.046043771,-2.272473069,3.017380011,0.000972209,0.020153356
FBgn0250814,241.9830686,189.0044387,330.2452183,115.0375398,108.8706631,164.6077002,139.3945665,-1.0130388,7.435914753,0.00144239,0.028133714
FBgn0250815,2.051540739,3.084115102,0.066757555,9.030393387,16.04508326,0.204044478,33.05624562,4.900648683,4.389860604,3.09E-07,1.81E-05
FBgn0250819,173.1260431,165.5836348,237.4663696,74.50469162,89.59101585,118.2260642,76.45500375,-1.200336366,6.961755328,0.000127727,0.003685133
FBgn0250833,5431.718823,4965.799882,8062.87735,36.6734142,44.65893746,3157.971907,178.3569556,-6.18805308,11.41966376,4.23E-24,1.96E-21
FBgn0250862,13.15919115,19.3491993,21.11825516,47.05310625,100.9895531,37.48378687,34.6343289,1.39377499,5.370948059,0.000453768,0.01080101
FBgn0259201,0.512885185,0.505544986,0.283719609,12.74479893,17.86077536,0.816179138,1.226394341,4.108207999,2.300441981,1.25E-08,9.66E-07
FBgn0259209,357.7200909,263.8762535,426.6875448,126.1235423,115.163765,197.3886618,94.94908286,-1.572855914,7.701336483,2.07E-06,9.92E-05
FBgn0259219,108.6595012,91.03702443,153.0933651,39.74613108,42.85940244,56.98484411,32.53943868,-1.53815058,6.10724578,7.03E-06,0.000293657
FBgn0259223,572.3391664,574.369459,2115.406392,2.203368706,6.214403941,298.7243811,187.2964457,-4.141439669,8.877781849,0.000131197,0.003774768
FBgn0259229,0.033089367,0.126386246,0.26703022,12.0846238,0.917910942,0.040808896,5.158077904,5.380999933,1.427509201,7.72E-10,7.24E-08
FBgn0259236,5.655111756,6.537625186,8.932711602,11.66627037,22.83763157,6.632890184,31.48759838,1.498873219,3.739562818,9.61E-05,0.002896032
FBgn0259700,134.9328059,155.3819055,133.0210372,287.3154843,372.9840881,196.4952612,257.919157,0.980293211,7.848018539,0.001061236,0.021738884
FBgn0259748,9.838924672,4.592033622,18.59314731,0.036708618,0.110149313,2.856622698,0.613198072,-5.305962475,2.228413769,4.79E-11,5.45E-09
FBgn0259918,13.64761005,16.57260721,56.9241671,3.904658963,5.490759671,15.36895659,5.62645302,-2.375034551,3.941762272,2.70E-07,1.60E-05
FBgn0259950,0.033089367,0.084257498,0.066757555,0.367086178,1.17492674,0.938604601,27.44963136,4.679958634,1.945580148,0.001192207,0.023961634
FBgn0259989,0.815807087,0.681403022,0.767995602,2.396294517,4.770358564,0.344811091,2.095201145,2.6009819,1.26169559,1.29E-06,6.41E-05
FBgn0260226,0.297804301,0.294901242,0.166893887,13.43536144,54.72522249,0.163235583,45.51867404,7.266827478,4.193997223,6.15E-38,5.02E-35
FBgn0260228,3.292391629,4.925029322,4.991982859,15.96830599,55.53770806,3.08107244,17.9991821,2.911815023,4.1250455,1.85E-11,2.24E-09
FBgn0260234,12.34716485,11.20419552,26.36948788,1.064549915,2.421543058,10.69646454,4.240924761,-2.524702564,3.16576694,1.21E-07,7.85E-06
FBgn0260388,7.870461405,10.16218304,8.73465195,24.2006298,19.3849573,9.353533561,7.502492845,1.477917176,4.101290062,0.000954626,0.019907907
FBgn0260645,1.38058765,2.593930258,0.8151498,119.3955135,76.62390093,1.223320104,52.54169649,5.673997678,5.289614292,1.41E-34,9.32E-32
FBgn0260653,442.326081,521.466704,300.9646538,1302.000343,1700.757897,453.9267328,705.268681,1.348430128,9.573557439,0.000247079,0.006440782
FBgn0260657,76.67552445,71.95488471,124.5594838,43.57108792,32.51863199,71.1074113,28.80397309,-1.345383051,5.908153378,1.60E-05,0.000609095
FBgn0260753,31.15407724,40.18589732,38.03897886,56.95411058,96.87643828,42.90727278,72.18017995,0.968453471,5.816465434,0.000928151,0.019472919
FBgn0260768,5.753268053,4.255003631,4.851218112,7.682317121,21.17366832,5.631627605,19.1175717,1.445030042,3.265459288,0.00053987,0.012457436
FBgn0260812,15.73587999,15.45750136,30.10905919,0.599448057,3.908391357,14.02324244,7.309862081,-2.439670585,3.489209109,1.69E-05,0.000633177
FBgn0261085,15.31892088,15.88304385,26.54120167,4.612364406,4.736420459,13.83433806,7.141954023,-1.655512591,3.568670528,3.63E-06,0.000164357
FBgn0261362,4.533276336,3.54180183,4.941828141,3.046815274,1.799105446,10.15982348,2.019957413,-1.489796171,1.999532343,0.001536358,0.029757273
FBgn0261566,1.02577037,1.179604967,0.801090659,1.908848124,3.377912265,1.50992914,4.696916883,1.479974482,1.145208954,0.001393943,0.027364364
FBgn0261630,0.033089367,0.294901242,0.200272665,35.38710018,335.6817203,0.040808896,24.81646866,9.463396327,5.687799156,1.83E-17,4.98E-15
FBgn0261634,0.397072401,0.337029991,0.269135419,17.51001067,189.2985705,0.448897853,253.4131211,8.338863117,5.899570298,7.55E-20,2.76E-17
FBgn0261714,4.30161768,4.255003634,35.8518111,1.835430888,1.321791756,2.775004907,1.154255195,-3.105307721,2.73843987,1.65E-05,0.000623293
FBgn0261932,1.315888673,9.262932262,0.901227993,43.17080284,124.6322752,1.001340116,51.03178641,4.644430727,5.343423075,7.23E-11,7.83E-09
FBgn0261955,573.6388505,420.1134864,915.7035011,162.0160541,201.8219967,290.9832601,198.8712446,-1.592274996,8.517113364,1.18E-05,0.000463843
FBgn0261989,3.706009078,2.780498686,3.037478096,12.23376027,50.04998631,3.999270553,91.3455775,3.772512934,4.637969045,1.50E-13,2.36E-11
FBgn0262001,0.232326731,0.253495001,0.26703022,0.256960324,0.183877388,0.122426687,0.396775223,4.356553312,1.296135372,0.000319374,0.008022922
FBgn0262035,3.633444096,4.881458126,3.7050443,6.355142742,10.4214468,4.080889569,11.80907669,1.368039128,2.881547346,0.000362741,0.008966998
FBgn0262112,0.958532776,0.915710484,0.771463656,1.772673835,3.745847687,0.993794551,5.256333877,1.756848543,1.050982254,0.000526407,0.012167025
FBgn0262160,95.94890592,122.0009808,116.5020071,181.7626842,190.6331763,121.8763791,218.5114018,0.892032544,7.348458392,0.002040658,0.036896797
FBgn0262528,1.853004539,7.562026157,1.168257212,3.377192834,20.16668697,2.122062576,19.80056254,2.027699955,3.023126488,0.001205952,0.024167833
FBgn0262531,1.455932138,3.24391366,2.336514423,6.718495653,15.00435951,2.285298158,13.9778717,2.053258316,2.60331509,7.47E-05,0.00235032
FBgn0262559,305.6167004,240.7396797,413.5797423,141.7062772,151.0025917,197.7048165,125.6193964,-1.082098959,7.73562889,0.000627189,0.014051462
FBgn0262563,3.783405107,3.156075218,2.897167735,9.108289074,12.95781832,3.465266973,11.78097779,1.615201278,2.773212778,2.32E-05,0.000836352
FBgn0262593,42.61337391,38.85544994,76.24744179,31.14788104,26.21869326,42.49971026,21.66848903,-0.99762929,5.234188296,0.001934646,0.035630378
FBgn0262599,50.45703895,41.0174809,76.84069282,5.543701683,8.496521468,25.53393994,10.55247513,-2.560482437,4.828840941,1.51E-11,1.91E-09
FBgn0262685,1.625604484,1.531047203,1.575124482,14.02081985,13.82072803,1.40886591,10.18969272,2.904464929,2.724267816,6.35E-13,8.99E-11
FBgn0262854,76.37058939,60.51668383,238.7857659,15.46835077,13.1427223,77.81685083,18.28773075,-3.084764224,5.987551162,6.02E-11,6.63E-09
FBgn0262867,66.93959896,69.32314578,44.44892091,175.7601685,254.3615558,86.13024145,165.8989825,1.320802487,6.867270133,0.000467115,0.011016915
FBgn0262874,0.033089367,0.126386246,0.13351511,28.05793685,39.59028098,0.081617791,26.87918041,8.26313153,3.911441076,3.20E-58,4.03E-55
FBgn0262880,3.192422398,11.23333597,2.018675028,74.7380116,100.0915792,2.942390754,38.8695437,4.187372315,5.542215951,5.99E-14,1.00E-11
FBgn0263087,0.729669509,0.740123336,0.750072199,1.715193646,5.188289658,0.497512755,6.297309746,2.462704685,1.202640286,7.42E-06,0.00030907
FBgn0263199,45.50790538,43.82716934,40.05233998,79.56860873,94.34703555,47.91069232,86.79578126,0.913046068,5.999279271,0.000909239,0.019134026
FBgn0263220,50.01752282,49.2296337,86.76983436,35.23384538,27.31929136,41.73104985,23.91663656,-1.087309753,5.390441459,0.000933323,0.01955184
FBgn0263353,7.324940178,9.470791296,49.96520737,3.843579494,3.446998282,6.888908872,2.864872216,-2.410138794,3.462697441,3.29E-05,0.001150075
FBgn0263762,0.132357467,0.294901242,0.300408997,2.446174187,9.544001046,0.367280061,14.89237006,4.807379249,2.028579753,6.15E-13,8.80E-11
FBgn0264255,53.78912859,56.28334499,96.67165259,34.35948919,31.44234298,57.49748011,21.72676774,-1.287659577,5.54339129,7.03E-05,0.002225834
FBgn0264478,0.0992681,0.126386246,0.100136332,0.33037756,0.846368963,0.163235583,0.360704749,1.942907825,-1.41954373,0.002811507,0.047382582
FBgn0264489,443.407512,363.8173466,618.4881118,235.5252071,206.1415941,219.8845252,192.0219861,-1.093111072,8.239368846,0.001903682,0.035294462
FBgn0264695,2886.570582,2403.04752,7383.93353,692.1845136,712.5203032,1288.072505,624.2703017,-2.569490163,10.99385161,1.07E-07,7.04E-06
FBgn0264750,2.978043009,3.791587394,4.439380742,5.051017704,8.701792056,2.326106646,10.02761004,1.509652588,2.720167433,0.000460783,0.010923319
FBgn0264753,79.69080954,139.4743006,67.30486676,132.431331,307.1403811,102.7641041,343.0763139,1.206185554,7.330736945,0.002345673,0.041333911
FBgn0264899,0.562519235,1.263862465,0.53406044,94.15062993,144.4567852,0.57132454,141.6231447,7.405804828,5.961211665,1.16E-64,2.00E-61
FBgn0264908,19.13099925,17.50169779,26.23740144,11.93030298,9.179111987,16.77245613,9.336302801,-1.065479929,3.886461562,0.000882648,0.018659393
FBgn0265042,46.82332352,55.9125087,41.56792006,80.55145628,134.2811366,59.78384464,134.8690781,1.050831395,6.293363271,0.000813028,0.017399802
FBgn0265180,146.5868875,147.7097127,364.7252284,101.6568081,82.22866514,131.1100039,68.31105883,-1.28798137,7.121996646,0.000443919,0.010687955
FBgn0265185,6.584777368,9.524572857,9.243000717,20.26315701,43.78662834,17.12365748,41.14952235,1.596666907,4.421873571,3.03E-05,0.001064145
FBgn0266354,21.52990862,19.22213731,32.07423471,13.22611498,11.75053411,21.74099225,10.78646863,-0.973826997,4.16330157,0.00160866,0.030898747
FBgn0266448,15.90026797,11.71014915,34.93356093,8.650752863,9.467663901,16.24675593,8.48262143,-1.222010915,3.822927968,0.001116325,0.022567347
FBgn0266450,0.659299677,0.491290302,1.048570929,1.064549915,18.18111783,0.163235583,51.28248703,4.898891982,3.21523128,2.51E-06,0.000116703
FBgn0266456,0.801477406,1.34669264,0.472272985,4.638262335,148.2302069,1.562527726,225.1475395,6.509371504,5.595253353,1.10E-09,1.00E-07
FBgn0266534,0.992681003,0.589802484,0.40054533,18.13490147,17.68153489,0.448897853,8.916585313,4.234642581,2.623197065,5.14E-10,4.91E-08
FBgn0266569,6.231588086,8.13063788,8.089947539,45.66702555,74.29978715,7.728878372,38.81900897,2.978446737,5.069799477,8.40E-18,2.43E-15
FBgn0267435,151.8554757,148.7010696,393.3506677,23.53023867,43.39593974,107.1827444,47.08596503,-2.17563045,6.935273459,5.39E-07,2.97E-05
