"","X","logFC","AveExpr","t","P.Value","adj.P.Val","B"
"1","FBgn0000556",12.76636928,12.66048447,207.5344198,4.46e-16,6.4e-13,24.40830379
"2","FBgn0003884",12.32318142,12.31927155,185.908822,1.07e-15,6.4e-13,24.10619064
"3","FBgn0000559",11.73424383,11.70006977,181.594423,1.28e-15,6.4e-13,24.03361126
"4","FBgn0003887",11.40397391,11.39033596,168.3919775,2.33e-15,6.4e-13,23.78208158
"5","FBgn0020910",10.93984687,10.88274141,220.3228246,2.78e-16,6.4e-13,24.54754603
"6","FBgn0001942",10.87116959,10.78249103,186.9794922,1.02e-15,6.4e-13,24.10610455
"7","FBgn0017545",10.60014927,10.51436925,165.0100824,2.74e-15,6.4e-13,23.69348717
"8","FBgn0014026",10.29938892,10.26757785,187.6307059,9.91e-16,6.4e-13,24.09989866
"9","FBgn0024733",10.25133216,10.18023174,159.8081344,3.53e-15,6.4e-13,23.57045774
"10","FBgn0261592",10.20325002,10.16288976,184.8551403,1.12e-15,6.4e-13,24.05266733
"11","FBgn0011284",10.1555754,10.11640641,176.6093775,1.6e-15,6.4e-13,23.90938703
"12","FBgn0005593",10.14310742,10.10612785,170.1756794,2.15e-15,6.4e-13,23.78731435
"13","FBgn0010488",10.11529111,9.989132726,164.3195938,2.83e-15,6.4e-13,23.66650771
"14","FBgn0039757",10.1023287,10.06639147,174.4604324,1.76e-15,6.4e-13,23.86854749
"15","FBgn0028697",10.09195661,10.03379663,158.3797123,3.79e-15,6.4e-13,23.5340633
"16","FBgn0004907",10.0464442,10.12785059,167.0795435,2.48e-15,6.4e-13,23.72274891
"17","FBgn0020618",10.04618776,10.00651738,190.4017192,8.83e-16,6.4e-13,24.13610709
"18","FBgn0010408",10.03252788,9.997930396,180.567938,1.34e-15,6.4e-13,23.97639007
"19","FBgn0003279",10.03250575,10.02146345,159.8180567,3.53e-15,6.4e-13,23.56571071
"20","FBgn0033663",10.02723122,9.940277446,157.0344826,4.06e-15,6.4e-13,23.5012932
"21","FBgn0003942",10.02170566,9.971691715,155.5377635,4.38e-15,6.4e-13,23.4655686
"22","FBgn0036213",10.01777714,9.967975624,169.7962816,2.19e-15,6.4e-13,23.77691879
"23","FBgn0000370",10.01718308,10.01187002,184.469094,1.13e-15,6.4e-13,24.04159995
"24","FBgn0034967",10.01416701,9.958710707,155.7034755,4.34e-15,6.4e-13,23.46938932
"25","FBgn0004867",10.01102696,10.01047839,184.7355595,1.12e-15,6.4e-13,24.04581178
"26","FBgn0000043",9.968702524,9.820699353,170.7106504,2.09e-15,6.4e-13,23.79380427
"27","FBgn0002622",9.967810861,9.961485252,177.7728323,1.52e-15,6.4e-13,23.92581813
"28","FBgn0029176",9.933507325,9.895244293,178.2472113,1.49e-15,6.4e-13,23.93352236
"29","FBgn0002607",9.930517375,9.903068758,178.5131169,1.47e-15,6.4e-13,23.93816906
"30","FBgn0000253",9.928425213,9.935078029,183.162359,1.2e-15,6.4e-13,24.01792752
"31","FBgn0002590",9.904751089,9.884606245,183.8172414,1.17e-15,6.4e-13,24.02828429
"32","FBgn0039857",9.889857904,9.835478783,181.819078,1.27e-15,6.4e-13,23.99452795
"33","FBgn0010411",9.867279484,9.82552054,165.7652482,2.64e-15,6.4e-13,23.69175524
"34","FBgn0000100",9.840854783,9.833000572,167.2887435,2.46e-15,6.4e-13,23.72273215
"35","FBgn0261599",9.828716612,9.7657345,158.3262839,3.8e-15,6.4e-13,23.52754179
"36","FBgn0261606",9.817522915,9.77082512,172.7338124,1.91e-15,6.4e-13,23.82976653
"37","FBgn0261602",9.796712274,9.798397799,164.6175926,2.79e-15,6.4e-13,23.66621693
"38","FBgn0037874",9.774782209,9.713827224,174.9545939,1.72e-15,6.4e-13,23.8706053
"39","FBgn0034138",9.762857954,9.724424444,168.2914105,2.35e-15,6.4e-13,23.74162385
"40","FBgn0014184",9.715061749,9.696073336,161.9475255,3.18e-15,6.4e-13,23.60714981
"41","FBgn0010265",9.689409315,9.673901785,178.851131,1.45e-15,6.4e-13,23.93928397
"42","FBgn0033699",9.646819153,9.62270942,156.2179188,4.23e-15,6.4e-13,23.4750321
"43","FBgn0010198",9.600390089,9.545187717,157.4115762,3.98e-15,6.4e-13,23.50241173
"44","FBgn0034968",9.58837832,9.556857586,176.3215559,1.62e-15,6.4e-13,23.89223576
"45","FBgn0015756",9.568662062,9.519089782,157.7792697,3.91e-15,6.4e-13,23.5104764
"46","FBgn0266696",9.560381503,9.582581791,163.3748501,2.97e-15,6.4e-13,23.63558777
"47","FBgn0010409",9.559406204,9.514306172,159.5827689,3.57e-15,6.4e-13,23.55174578
"48","FBgn0003941",9.558840752,9.497876953,183.846039,1.16e-15,6.4e-13,24.02189813
"49","FBgn0013325",9.515364986,9.487181423,155.5099009,4.38e-15,6.4e-13,23.45602952
"50","FBgn0266410",9.489862287,9.328788723,161.121625,3.31e-15,6.4e-13,23.58514788
"51","FBgn0034743",9.477193784,9.459203265,165.9312429,2.62e-15,6.4e-13,23.68831654
"52","FBgn0038834",9.459212533,9.43491803,162.1860581,3.14e-15,6.4e-13,23.60810239
"53","FBgn0260441",9.448043771,9.420404633,170.4333751,2.12e-15,6.4e-13,23.77869379
"54","FBgn0005533",9.400808244,9.377116871,171.4127783,2.03e-15,6.4e-13,23.79683725
"55","FBgn0250753",9.39900882,9.24522374,173.7138668,1.82e-15,6.4e-13,23.84062883
"56","FBgn0011217",9.364463529,9.326371788,200.1239842,5.95e-16,6.4e-13,24.26086508
"57","FBgn0036825",9.355088187,9.354482565,162.9432943,3.03e-15,6.4e-13,23.62264741
"58","FBgn0002626",9.338589908,9.324519121,171.7415942,2e-15,6.4e-13,23.80196012
"59","FBgn0039359",9.289241343,9.270461661,173.9793219,1.8e-15,6.4e-13,23.84340789
"60","FBgn0004432",9.229565396,9.309203228,161.1646942,3.3e-15,6.4e-13,23.58099646
"61","FBgn0032518",9.219768164,9.232237307,165.3466032,2.7e-15,6.4e-13,23.67083252
"62","FBgn0029785",9.14915377,9.096625998,173.9568568,1.8e-15,6.4e-13,23.83927863
"63","FBgn0003274",9.058228488,9.057031265,160.0123624,3.5e-15,6.4e-13,23.55035291
"64","FBgn0001248",9.054493573,9.014769038,173.2157509,1.87e-15,6.4e-13,23.82207436
"65","FBgn0025286",9.038212715,9.024135103,167.4152288,2.44e-15,6.4e-13,23.70791744
"66","FBgn0261596",9.036757627,9.018737417,164.6444953,2.79e-15,6.4e-13,23.65046297
"67","FBgn0261593",8.974613631,8.93904083,158.3658396,3.79e-15,6.4e-13,23.5099104
"68","FBgn0026189",8.974128006,8.969933794,157.1713302,4.03e-15,6.4e-13,23.48222545
"69","FBgn0034237",8.852855324,8.810140514,157.8170198,3.9e-15,6.4e-13,23.49131433
"70","FBgn0010412",8.843625817,8.855168995,156.0764186,4.26e-15,6.4e-13,23.45011363
"71","FBgn0263594",8.786820983,8.773523679,156.6159419,4.14e-15,6.4e-13,23.45988603
"72","FBgn0000181",8.739994324,8.75874265,166.685085,2.53e-15,6.4e-13,23.67721106
"73","FBgn0086904",8.719248433,8.78228882,165.4094478,2.69e-15,6.4e-13,23.64930709
"74","FBgn0038145",8.662432503,8.688577852,176.5073417,1.61e-15,6.4e-13,23.85921671
"75","FBgn0015622",8.604901153,8.624159253,188.0340913,9.75e-16,6.4e-13,24.04613254
"76","FBgn0026250",8.597152842,8.527582736,172.5753477,1.92e-15,6.4e-13,23.78122641
"77","FBgn0260462",8.571041248,8.479441255,166.8730912,2.51e-15,6.4e-13,23.66693175
"78","FBgn0015218",8.528704856,8.524141613,174.8837849,1.73e-15,6.4e-13,23.81672465
"89","FBgn0039713",10.04112445,10.01567289,155.1578794,4.46e-15,6.44e-13,23.45681754
"90","FBgn0066084",10.29197743,10.28381302,154.3712518,4.65e-15,6.52e-13,23.44326487
"91","FBgn0011272",9.193727098,9.194041859,154.5515713,4.6e-15,6.52e-13,23.4267366
"93","FBgn0033268",9.411275759,9.622957463,153.1571945,4.94e-15,6.62e-13,23.3969438
"94","FBgn0030136",9.394408984,9.381682356,153.6803693,4.81e-15,6.62e-13,23.40956258
"95","FBgn0030616",9.299270706,9.257169775,152.941694,5e-15,6.62e-13,23.38963257
"96","FBgn0029897",9.230449892,9.228254094,153.2336228,4.93e-15,6.62e-13,23.39532014
"98","FBgn0010078",9.400967894,9.379766608,152.5414427,5.1e-15,6.69e-13,23.38143922
"99","FBgn0265297",11.26615139,11.23148293,151.6331557,5.35e-15,6.93e-13,23.39673153
"101","FBgn0037351",9.398236408,9.390445713,150.5898316,5.65e-15,7.12e-13,23.33193943
"102","FBgn0259214",8.886935584,8.991869165,150.5835507,5.65e-15,7.12e-13,23.31711195
"104","FBgn0064225",10.75721159,10.64932077,148.5008713,6.31e-15,7.59e-13,23.30438015
"105","FBgn0086558",10.3337743,10.22020012,148.1855033,6.42e-15,7.59e-13,23.286063
"106","FBgn0003891",9.361236797,9.313424235,147.9742815,6.49e-15,7.59e-13,23.2628596
"107","FBgn0017579",9.314918835,9.277139378,148.3508018,6.36e-15,7.59e-13,23.2720853
"108","FBgn0019936",8.927114091,8.868613783,147.9327081,6.51e-15,7.59e-13,23.24995686
"109","FBgn0023213",8.79264607,8.736904684,148.5227175,6.31e-15,7.59e-13,23.25897317
"110","FBgn0003371",8.552903173,8.514328623,148.3244028,6.37e-15,7.59e-13,23.23616006
"112","FBgn0086472",9.794536916,9.771664937,147.1020013,6.8e-15,7.63e-13,23.24620704
"113","FBgn0015288",9.171250266,9.113580139,147.236108,6.76e-15,7.63e-13,23.23921424
"116","FBgn0026372",9.935600121,9.928080305,146.5207298,7.02e-15,7.78e-13,23.23286016
"117","FBgn0035422",9.137226914,9.132300736,145.4981263,7.42e-15,7.87e-13,23.19109461
"118","FBgn0039300",9.135188005,9.090519628,146.0902781,7.19e-15,7.87e-13,23.2073159
"119","FBgn0011230",9.070619119,9.048581453,145.3935664,7.46e-15,7.87e-13,23.18624401
"120","FBgn0011726",9.05933337,8.913033972,145.4582392,7.44e-15,7.87e-13,23.18765353
"121","FBgn0087013",8.623060184,8.620362969,145.8325455,7.29e-15,7.87e-13,23.17567708
"123","FBgn0003517",10.26708207,10.25264005,144.6191428,7.79e-15,8.07e-13,23.18686662
"125","FBgn0032586",8.539966875,8.458900127,144.3942913,7.88e-15,8.1e-13,23.12882793
"126","FBgn0262736",9.878853069,9.665408466,143.6481487,8.21e-15,8.12e-13,23.1518646
"132","FBgn0033912",9.675940565,9.6448862,142.806978,8.6e-15,8.37e-13,23.1246008
"136","FBgn0002579",9.526956678,9.50750997,142.1683742,8.91e-15,8.42e-13,23.10398822
"137","FBgn0260934",8.642408321,8.602942732,142.0043833,9e-15,8.44e-13,23.06959531
"138","FBgn0032987",9.823255782,9.766489887,141.6318166,9.19e-15,8.55e-13,23.09275428
"139","FBgn0004657",8.571669784,8.472793246,140.6207658,9.72e-15,8.98e-13,23.02378241
"140","FBgn0034753",9.724390252,9.741891375,139.6101961,1.03e-14,9.26e-13,23.03119064
"141","FBgn0039858",9.672929894,9.613683428,139.7478129,1.02e-14,9.26e-13,23.03458434
"142","FBgn0261597",9.331523025,9.32687323,139.7517095,1.02e-14,9.26e-13,23.02965896
"143","FBgn0031980",9.152056418,9.122239589,139.332178,1.05e-14,9.26e-13,23.01346007
"147","FBgn0053113",9.346732729,9.301091731,138.2662681,1.11e-14,9.27e-13,22.98479702
"148","FBgn0027588",8.933270013,8.894155983,138.2652193,1.11e-14,9.27e-13,22.97434692
"149","FBgn0037249",8.555915474,8.514617253,138.7801414,1.08e-14,9.27e-13,22.96765782
"155","FBgn0261014",9.585113891,9.474443054,137.6948955,1.15e-14,9.52e-13,22.97066172
"156","FBgn0029506",8.659082708,8.543672037,137.5118576,1.16e-14,9.53e-13,22.93671422
"158","FBgn0000117",9.729288988,9.70147931,136.7590975,1.21e-14,9.55e-13,22.94348836
"159","FBgn0023170",9.575894166,9.522583865,136.1453847,1.26e-14,9.55e-13,22.92196238
"160","FBgn0085436",9.100956708,9.039730261,136.2231461,1.25e-14,9.55e-13,22.91620508
"161","FBgn0086710",8.948954158,8.896191328,136.6124963,1.22e-14,9.55e-13,22.92378002
"170","FBgn0043884",8.809374365,8.812171155,135.5464354,1.3e-14,9.83e-13,22.88398339
"171","FBgn0027108",9.450756007,9.42264518,135.0287062,1.34e-14,9.9e-13,22.8845575
"172","FBgn0010348",9.121078171,9.0121284,135.144039,1.33e-14,9.9e-13,22.88238826
"173","FBgn0012037",8.809055716,8.692495295,135.0903466,1.34e-14,9.9e-13,22.8693999
"179","FBgn0004403",9.204204233,9.168093792,133.8246859,1.44e-14,1.03e-12,22.84127951
"180","FBgn0023143",9.187193542,9.154273854,133.3570669,1.48e-14,1.06e-12,22.82555808
"181","FBgn0250789",9.433961491,9.490697355,133.0406093,1.51e-14,1.06e-12,22.81927196
"182","FBgn0016756",8.573024631,8.656987047,133.1427815,1.5e-14,1.06e-12,22.79152107
"184","FBgn0021872",8.613138516,8.575004886,132.3463594,1.57e-14,1.08e-12,22.76828425
"189","FBgn0013272",9.938309311,9.779031213,132.1127579,1.59e-14,1.08e-12,22.79529718
"194","FBgn0014020",9.111411835,9.003093342,131.3291414,1.67e-14,1.1e-12,22.75601507
"197","FBgn0015778",9.020324178,9.067588871,130.4251102,1.76e-14,1.14e-12,22.72246465
"200","FBgn0259176",8.796428149,8.688733683,130.1175154,1.8e-14,1.15e-12,22.70341191
"202","FBgn0032208",8.741343391,8.734747179,129.7322311,1.84e-14,1.17e-12,22.68710139
"203","FBgn0000319",9.728799291,9.571409079,129.1660008,1.9e-14,1.19e-12,22.69060266
"204","FBgn0261800",8.915358999,9.004154369,129.0658519,1.92e-14,1.19e-12,22.67171218
"205","FBgn0261608",8.582495443,8.567307502,129.0390436,1.92e-14,1.19e-12,22.65310529
"209","FBgn0013981",8.665720689,8.639820294,128.8809134,1.94e-14,1.19e-12,22.6530037
"214","FBgn0035753",9.041344499,9.030562186,128.2189252,2.02e-14,1.21e-12,22.64571509
"217","FBgn0015221",9.313408767,9.302093376,127.6902296,2.09e-14,1.23e-12,22.63250025
"218","FBgn0002593",9.293667741,9.2646268,127.6623868,2.09e-14,1.23e-12,22.63121796
"223","FBgn0000116",10.71790524,11.02617382,127.0823089,2.17e-14,1.24e-12,22.63316084
"224","FBgn0031313",9.552519432,9.293809929,127.137719,2.16e-14,1.24e-12,22.6157234
"225","FBgn0015521",8.508266449,8.460628418,127.1534616,2.16e-14,1.24e-12,22.5805067
"228","FBgn0035720",9.443899198,9.505661207,126.4402945,2.25e-14,1.27e-12,22.58887135
"230","FBgn0015222",9.673732847,9.611494209,126.1122448,2.3e-14,1.28e-12,22.57966632
"231","FBgn0260442",9.025908571,8.898472833,126.0835907,2.31e-14,1.28e-12,22.56789034
"247","FBgn0000416",10.76173419,10.5987935,122.8606294,2.83e-14,1.46e-12,22.47433691
"250","FBgn0004868",8.907919947,8.803087635,122.2254025,2.95e-14,1.47e-12,22.41775975
"251","FBgn0028371",8.586806776,8.581053931,122.6026336,2.88e-14,1.47e-12,22.41662448
"259","FBgn0001105",8.81982798,8.8055491,122.0147214,2.99e-14,1.48e-12,22.40613555
"262","FBgn0053208",10.75037899,10.42507662,121.4855665,3.09e-14,1.48e-12,22.41982613
"263","FBgn0029770",10.7128819,5.942989902,121.7518329,3.04e-14,1.48e-12,22.42975877
"275","FBgn0000308",10.06839915,9.916320458,121.0554069,3.18e-14,1.49e-12,22.39064371
"276","FBgn0004838",9.733070287,9.662160155,120.6423765,3.27e-14,1.49e-12,22.36941433
"277","FBgn0030520",8.582274493,8.600144208,120.4832562,3.3e-14,1.49e-12,22.33291829
"291","FBgn0005585",10.23306682,10.135394,119.8181314,3.45e-14,1.52e-12,22.34324701
"300","FBgn0004177",8.800536018,8.804890123,119.1746286,3.6e-14,1.54e-12,22.29158792
"319","FBgn0004828",9.760237984,9.709945947,117.2376601,4.1e-14,1.63e-12,22.22888454
"326","FBgn0034398",9.223150401,9.106402699,116.7425831,4.24e-14,1.67e-12,22.20118264
"330","FBgn0032949",8.653967807,8.580033442,116.5323732,4.3e-14,1.67e-12,22.17391751
"331","FBgn0020279",9.152070845,9.12116988,116.3350557,4.36e-14,1.68e-12,22.18251689
"332","FBgn0011760",8.804446115,8.867074692,116.0547188,4.44e-14,1.68e-12,22.16060794
"333","FBgn0003391",8.576437592,8.518542712,116.0815246,4.43e-14,1.68e-12,22.15009645
"343","FBgn0002921",9.696971963,9.890296148,115.1546843,4.73e-14,1.75e-12,22.13813738
"344","FBgn0265274",8.758579228,8.732715879,115.2383045,4.7e-14,1.75e-12,22.12325843
"345","FBgn0010415",8.698533271,8.644219533,115.2771338,4.69e-14,1.75e-12,22.12199525
"367","FBgn0034258",8.799512777,8.731094372,113.7704778,5.2e-14,1.8e-12,22.06015398
"373","FBgn0250788",9.53164405,9.626293024,113.5273066,5.29e-14,1.82e-12,22.0638942
"374","FBgn0051992",8.782887392,8.777528212,113.4523417,5.32e-14,1.83e-12,22.04526958
"381","FBgn0087035",8.779748652,8.743752875,112.956803,5.5e-14,1.85e-12,22.02277065
"386","FBgn0020238",10.14481813,10.11292147,112.701327,5.6e-14,1.85e-12,22.03379257
"393","FBgn0002526",9.472170093,9.560734193,112.3295237,5.75e-14,1.86e-12,22.0087284
"394","FBgn0261822",9.021698905,8.849419309,111.9769252,5.9e-14,1.86e-12,21.98547625
"395","FBgn0001215",8.751433959,8.780287534,111.8081817,5.97e-14,1.86e-12,21.96896411
"421","FBgn0024807",8.666729267,8.676819892,111.0002407,6.32e-14,1.93e-12,21.92749416
"422","FBgn0001114",9.732136823,9.659329231,110.6564171,6.48e-14,1.95e-12,21.93341005
"436","FBgn0267348",9.021484775,9.111452026,110.2100154,6.69e-14,1.97e-12,21.90272803
"442","FBgn0038826",10.05226754,10.12930068,109.9066706,6.84e-14,1.98e-12,21.9015365
"445","FBgn0051363",10.12760096,10.05389836,109.5343828,7.02e-14,1.99e-12,21.8846304
"462","FBgn0013674",12.6616025,12.87702945,109.1616132,7.21e-14,2.01e-12,21.88441442
"470","FBgn0003943",10.97994546,11.0360383,108.4908904,7.57e-14,2.06e-12,21.84644918
"473","FBgn0005630",8.885619483,8.822382788,108.413708,7.62e-14,2.07e-12,21.81249374
"485","FBgn0029093",9.9135469,9.897036855,107.8149845,7.96e-14,2.11e-12,21.79778224
"486","FBgn0004449",8.9330413,8.91051248,107.6515711,8.05e-14,2.11e-12,21.77648127
"487","FBgn0040007",8.698428166,8.606178041,107.6481961,8.06e-14,2.11e-12,21.76786603
"518","FBgn0027932",10.70730609,10.59956767,106.2050539,8.96e-14,2.18e-12,21.72779111
"540","FBgn0033313",10.89745092,10.83857094,105.3903227,9.53e-14,2.27e-12,21.68849801
"544","FBgn0004401",8.763813295,8.710533093,105.1121528,9.73e-14,2.3e-12,21.64259574
"557","FBgn0026059",8.566232955,8.615185995,104.7731199,9.98e-14,2.3e-12,21.61599047
"559","FBgn0266599",11.29772142,11.2404497,104.7242712,1e-13,2.3e-12,21.65850306
"567","FBgn0001149",8.788286717,8.850008076,104.3763693,1.03e-13,2.32e-12,21.60531269
"585","FBgn0013676",12.07525268,12.29425554,103.4116081,1.11e-13,2.43e-12,21.59266053
"594","FBgn0000261",10.06097213,10.24999346,102.897926,1.15e-13,2.48e-12,21.54515655
"605","FBgn0263396",9.119828224,9.098425081,102.5245506,1.18e-13,2.5e-12,21.5150052
"657","FBgn0261710",8.817351949,8.785647538,100.6299336,1.37e-13,2.68e-12,21.4038597
"660","FBgn0016977",9.027150277,9.009288706,100.5701748,1.38e-13,2.68e-12,21.40573131
"668","FBgn0034897",9.231124213,9.190930307,100.4046913,1.4e-13,2.69e-12,21.3996694
"672","FBgn0262614",8.975862885,9.052367241,100.1815835,1.42e-13,2.71e-12,21.38295101
"683","FBgn0013576",8.522672899,8.501631458,99.83863571,1.46e-13,2.75e-12,21.34720539
"686","FBgn0045823",9.628257983,9.562174392,99.60045328,1.49e-13,2.77e-12,21.35799447
"696","FBgn0087002",12.20394165,11.97943054,99.21070023,1.54e-13,2.8e-12,21.35819584
"718","FBgn0013675",10.4060681,10.61490473,98.80342962,1.59e-13,2.83e-12,21.32058962
"742","FBgn0000042",12.13707089,11.95597996,97.95633551,1.7e-13,2.94e-12,21.28499998
"743","FBgn0265434",9.858280358,9.6533965,97.94348738,1.7e-13,2.94e-12,21.26421804
"752","FBgn0013770",9.970467409,9.834770565,97.70675608,1.73e-13,2.96e-12,21.25137212
"775","FBgn0261618",8.917088914,8.662084402,97.09501782,1.82e-13,3.02e-12,21.20319131
"800","FBgn0027066",8.618119092,8.558952409,96.20256409,1.96e-13,3.14e-12,21.14034006
"802","FBgn0014163",11.16879049,11.07210406,96.14348616,1.97e-13,3.15e-12,21.17169567
"805","FBgn0013733",9.203636739,9.201420576,96.06002883,1.98e-13,3.17e-12,21.14601649
"812","FBgn0082582",10.21580905,9.847915684,95.74589925,2.04e-13,3.2e-12,21.13639042
"824","FBgn0025726",8.621147114,8.63160046,95.54287468,2.07e-13,3.23e-12,21.100607
"831","FBgn0004363",9.72327267,9.97087341,95.27316952,2.12e-13,3.26e-12,21.10261146
"832","FBgn0001316",8.990568701,8.955489892,95.28356653,2.12e-13,3.26e-12,21.0954634
"838","FBgn0003261",9.509339103,9.468840884,94.87909649,2.19e-13,3.32e-12,21.0766221
"856","FBgn0034072",8.84163637,8.811704517,94.58340818,2.24e-13,3.32e-12,21.04886484
"869","FBgn0260745",10.22429027,10.03069487,94.46235194,2.27e-13,3.35e-12,21.05720206
"874","FBgn0000454",9.729834411,9.572931539,94.22397583,2.31e-13,3.39e-12,21.03755161
"876","FBgn0011260",8.653253576,8.656630885,94.17395435,2.32e-13,3.4e-12,21.01745118
"891","FBgn0010909",9.110287835,8.995550891,93.78441257,2.4e-13,3.44e-12,21.00431301
"892","FBgn0035121",8.812800988,8.656590196,93.7953816,2.4e-13,3.44e-12,20.99893898
"923","FBgn0025683",8.942400441,8.775402402,92.5937398,2.65e-13,3.69e-12,20.92567454
"967","FBgn0000636",8.749369914,8.812557005,91.74575618,2.85e-13,3.79e-12,20.86590656
"988","FBgn0002645",8.653607901,8.596454867,91.18108223,3e-13,3.9e-12,20.82579279
"1011","FBgn0260635",8.820592209,8.733443903,90.51410472,3.18e-13,4.02e-12,20.78663528
"1020","FBgn0000547",9.115901761,9.093395086,90.3183481,3.23e-13,4.05e-12,20.77906483
"1058","FBgn0017581",9.725318114,9.742560657,89.49761092,3.47e-13,4.22e-12,20.72858604
"1074","FBgn0004646",8.588271609,8.486236782,88.96768844,3.64e-13,4.34e-12,20.67489893
"1082","FBgn0026084",10.7344798,10.42996177,88.89038152,3.66e-13,4.35e-12,20.69644582
"1112","FBgn0032400",9.837581391,9.715599645,88.18642905,3.9e-13,4.51e-12,20.63891085
"1161","FBgn0086901",8.736050523,8.73991709,86.63690764,4.49e-13,4.96e-12,20.51651
"1164","FBgn0250907",10.14015801,10.04530588,86.6041813,4.5e-13,4.97e-12,20.52918368
"1171","FBgn0010434",8.54185091,8.62659312,86.48962093,4.55e-13,4.98e-12,20.49959942
"1178","FBgn0027611",8.854778378,8.790466173,86.43779311,4.57e-13,4.99e-12,20.5050768
"1229","FBgn0261451",8.953638512,8.808317606,85.33236168,5.06e-13,5.28e-12,20.42673878
"1234","FBgn0266557",9.564067446,9.546565883,85.28207268,5.09e-13,5.29e-12,20.4287246
"1246","FBgn0022893",9.832371734,9.865100848,85.10303895,5.17e-13,5.32e-12,20.4172379
"1275","FBgn0001254",10.93712372,11.04952557,84.40896136,5.52e-13,5.55e-12,20.37513044
"1289","FBgn0000557",9.970980816,10.18635612,84.05638486,5.7e-13,5.67e-12,20.34004474
"1300","FBgn0031879",9.722511103,9.581853317,83.70177781,5.9e-13,5.83e-12,20.31154254
"1320","FBgn0010225",8.892272599,8.67996955,83.2835297,6.14e-13,5.97e-12,20.27221739
"1321","FBgn0035844",8.523666487,8.418482371,83.23669245,6.16e-13,5.97e-12,20.25886424
"1352","FBgn0260794",9.136011531,9.147314871,82.74774198,6.46e-13,6.13e-12,20.23453009
"1370","FBgn0052423",8.89451748,8.86003216,82.47615235,6.63e-13,6.21e-12,20.21020574
"1404","FBgn0086357",9.016227487,8.765486665,81.93837977,6.98e-13,6.39e-12,20.17017499
"1430","FBgn0264089",8.583476433,8.613562602,81.36351686,7.38e-13,6.63e-12,20.1158148
"1464","FBgn0004167",8.758226505,8.595839802,80.73003974,7.85e-13,6.88e-12,20.07010938
"1502","FBgn0002719",8.531856796,8.470750565,80.17540406,8.29e-13,7.09e-12,20.01933126
"1504","FBgn0039562",9.627056678,9.517035444,80.1296289,8.33e-13,7.11e-12,20.03055665
"1535","FBgn0263289",8.584111475,8.609454618,79.69335982,8.69e-13,7.28e-12,19.98195362
"1574","FBgn0262737",9.701996746,9.775766335,79.00367634,9.31e-13,7.6e-12,19.93853552
"1600","FBgn0039682",9.028989953,9.142460381,78.5371034,9.76e-13,7.83e-12,19.89513336
"1629","FBgn0011661",8.809775423,8.568413137,78.11624073,1.02e-12,8.03e-12,19.85665472
"1656","FBgn0034802",9.672020968,9.756292979,77.65428274,1.07e-12,8.27e-12,19.82492748
"1659","FBgn0039830",9.663366173,10.05133791,77.62411852,1.07e-12,8.28e-12,19.8223125
"1716","FBgn0002306",8.501378122,8.671600608,76.79011318,1.17e-12,8.73e-12,19.73618416
"1770","FBgn0027835",9.520683945,9.343896027,76.01620157,1.26e-12,9.17e-12,19.68243157
"1799","FBgn0035772",9.029446674,8.72862212,75.32805546,1.36e-12,9.69e-12,19.61831475
"1820","FBgn0001142",9.579289071,9.107455845,75.03482237,1.4e-12,9.87e-12,19.5955607
"1827","FBgn0011225",8.635646874,8.727233019,74.93336878,1.41e-12,9.94e-12,19.57683688
"1855","FBgn0087007",8.937793794,8.813372742,74.46800634,1.49e-12,1.03e-11,19.54014384
"1901","FBgn0011224",9.023364743,9.08292347,73.73251375,1.61e-12,1.09e-11,19.47396463
"1912","FBgn0014002",10.3599775,10.134162,73.59872287,1.63e-12,1.1e-11,19.46906747
"1943","FBgn0020309",8.542706224,8.578529928,73.12429655,1.72e-12,1.13e-11,19.40977143
"1964","FBgn0029990",10.39924905,10.06063973,72.81234935,1.78e-12,1.16e-11,19.39606318
"1967","FBgn0016930",8.648749193,8.458395645,72.76343279,1.79e-12,1.17e-11,19.37862892
"1973","FBgn0085446",8.640409199,8.4457269,72.70304363,1.8e-12,1.17e-11,19.37283254
"2017","FBgn0039257",10.17928198,10.11175623,72.30207398,1.88e-12,1.2e-11,19.34659639
"2019","FBgn0041094",9.130059765,8.979472745,72.28717197,1.88e-12,1.2e-11,19.34013471
"2039","FBgn0028327",8.840300985,8.667600346,71.98414829,1.94e-12,1.22e-11,19.30839056
"2093","FBgn0053196",9.501061538,9.453528878,71.26668702,2.1e-12,1.29e-11,19.24438106
"2139","FBgn0035478",9.472525806,5.038763963,70.39781401,2.32e-12,1.39e-11,19.15952346
"2158","FBgn0261113",8.830614195,8.822584746,70.02303173,2.42e-12,1.44e-11,19.11803447
"2233","FBgn0010217",9.693629605,10.1028133,68.77638307,2.79e-12,1.6e-11,18.99804009
"2234","FBgn0035173",8.559108019,8.171913335,68.76713827,2.79e-12,1.6e-11,18.9877545
"2245","FBgn0029903",8.637141272,8.487517214,68.63940562,2.83e-12,1.62e-11,18.9763306
"2269","FBgn0261836",9.073153913,9.317525803,68.38121567,2.92e-12,1.65e-11,18.95501229
"2321","FBgn0000579",8.885416933,9.002289006,67.67230668,3.17e-12,1.75e-11,18.88023375
"2325","FBgn0001233",11.95836979,11.99579966,67.62527208,3.18e-12,1.76e-11,18.88787587
"2327","FBgn0041182",9.009032337,8.740429841,67.59890514,3.19e-12,1.76e-11,18.87370927
"2391","FBgn0011211",9.459565604,9.891761335,66.6482819,3.57e-12,1.92e-11,18.77584114
"2396","FBgn0004362",8.690548831,8.665008355,66.58547,3.6e-12,1.93e-11,18.76365582
"2409","FBgn0031453",8.645794585,8.682718894,66.39100591,3.68e-12,1.96e-11,18.74233082
"2428","FBgn0001089",8.892989958,8.708451156,66.11735858,3.81e-12,2.01e-11,18.71602507
"2503","FBgn0026602",8.793756003,8.461093972,65.21558005,4.24e-12,2.18e-11,18.61731055
"2516","FBgn0037913",8.878278946,8.85586421,65.03355477,4.34e-12,2.21e-11,18.59814669
"2613","FBgn0043841",9.186058455,8.940602902,63.78105099,5.06e-12,2.49e-11,18.46049323
"2634","FBgn0015766",9.360700206,9.788166835,63.56365924,5.2e-12,2.53e-11,18.43647571
"2724","FBgn0030608",8.604023665,8.669352596,62.51524142,5.93e-12,2.79e-11,18.31096216
"2729","FBgn0036165",9.193892075,9.256139545,62.46896374,5.96e-12,2.81e-11,18.31011813
"2742","FBgn0003447",9.13037998,9.017432682,62.33940955,6.06e-12,2.84e-11,18.29480372
"2761","FBgn0030114",8.734655366,8.703893255,62.10581505,6.24e-12,2.9e-11,18.26478293
"2768","FBgn0263392",8.547555467,8.519841054,62.02005788,6.31e-12,2.93e-11,18.25248053
"2781","FBgn0030653",8.937918151,8.881361227,61.9031281,6.41e-12,2.96e-11,18.24269298
"2856","FBgn0020521",8.745561796,8.739866398,60.99649199,7.2e-12,3.24e-11,18.13349847
"2896","FBgn0001226",11.28545524,11.27939487,60.4155151,7.76e-12,3.44e-11,18.071519
"2900","FBgn0001218",11.20208768,10.97483057,60.37697522,7.8e-12,3.46e-11,18.06662493
"2903","FBgn0026415",8.677124904,8.267484702,60.31676097,7.87e-12,3.48e-11,18.05073469
"2947","FBgn0035142",8.847046387,8.603216474,59.82087355,8.4e-12,3.66e-11,17.99143397
"2955","FBgn0000064",8.793962944,9.174468336,59.77028594,8.45e-12,3.67e-11,17.98485674
"2970","FBgn0030362",9.350994156,8.794446037,59.57231244,8.68e-12,3.75e-11,17.9627594
"3014","FBgn0038180",10.47162789,10.56785348,59.1679137,9.16e-12,3.9e-11,17.91496598
"3016","FBgn0266521",9.18863019,9.102143123,59.14608839,9.18e-12,3.91e-11,17.90924267
"3028","FBgn0027608",8.867977075,8.47079437,59.00172444,9.36e-12,3.97e-11,17.88975549
"3133","FBgn0003888",10.67722706,10.67033324,57.60376486,1.13e-11,4.64e-11,17.71590735
"3152","FBgn0250848",10.53662281,10.77008142,57.42153877,1.16e-11,4.73e-11,17.6918465
"3154","FBgn0032638",8.551482497,8.166085355,57.40813851,1.16e-11,4.73e-11,17.68387676
"3161","FBgn0010300",8.88192316,8.78840101,57.36601578,1.17e-11,4.75e-11,17.68079215
"3202","FBgn0002565",12.41978975,12.06032481,56.84479936,1.26e-11,5.04e-11,17.61811647
"3213","FBgn0031264",8.884352801,9.121617539,56.7461269,1.27e-11,5.09e-11,17.59951194
"3235","FBgn0263773",8.961765488,8.567064518,56.45166206,1.33e-11,5.27e-11,17.560837
"3242","FBgn0010470",9.049795231,8.756310968,56.37915578,1.34e-11,5.31e-11,17.5514674
"3298","FBgn0003065",9.512404412,10.05178164,55.77113318,1.46e-11,5.69e-11,17.47073893
"3355","FBgn0263236",8.908460973,8.990264964,54.96321359,1.64e-11,6.28e-11,17.35918854
"3391","FBgn0037636",9.328566821,9.287783338,54.57500691,1.73e-11,6.57e-11,17.30643237
"3397","FBgn0036677",12.98155487,13.1208447,54.50268164,1.75e-11,6.62e-11,17.29890245
"3432","FBgn0022355",9.96626615,10.26560929,54.06072612,1.87e-11,6.99e-11,17.23520376
"3447","FBgn0003435",9.014773514,9.119414758,53.9073257,1.91e-11,7.12e-11,17.21227535
"3531","FBgn0040942",8.678895051,8.386982894,52.88525033,2.22e-11,8.09e-11,17.06510394
"3539","FBgn0031971",9.103275805,8.832941098,52.77041958,2.26e-11,8.21e-11,17.04970447
"3552","FBgn0000568",8.808414398,8.791039541,52.63362081,2.31e-11,8.34e-11,17.02911787
"3587","FBgn0010113",8.656840381,8.53166861,52.25443966,2.44e-11,8.75e-11,16.97315436
"3641","FBgn0053978",8.720373714,8.601099397,51.7374635,2.64e-11,9.32e-11,16.89703119
"3661","FBgn0086906",8.584512997,8.955561943,51.52993052,2.73e-11,9.57e-11,16.86561928
"3796","FBgn0001227",8.755201663,8.74835931,50.36335309,3.27e-11,1.11e-10,16.68938388
"3837","FBgn0010226",8.886484897,9.252937698,49.97996367,3.47e-11,1.16e-10,16.6303685
"3842","FBgn0002564",10.71693187,8.945535152,49.94864773,3.49e-11,1.17e-10,16.6266767
"3844","FBgn0026077",9.923349166,9.723737438,49.94195158,3.49e-11,1.17e-10,16.62514851
"3845","FBgn0003721",9.000389112,9.376367048,49.93168988,3.5e-11,1.17e-10,16.62301341
"3852","FBgn0001311",8.908600103,8.866089038,49.86305289,3.54e-11,1.18e-10,16.61221589
"3865","FBgn0264490",8.564277901,8.633917039,49.69090389,3.64e-11,1.21e-10,16.584676
"3950","FBgn0040732",8.950688925,8.31791326,49.03519032,4.04e-11,1.31e-10,16.48194109
"3953","FBgn0003360",9.207513308,9.36666242,49.00753372,4.06e-11,1.32e-10,16.47770476
"4052","FBgn0024294",9.166152903,8.699710428,48.10037834,4.7e-11,1.49e-10,16.33154225
"4068","FBgn0260634",8.74864164,8.824859924,47.90789898,4.85e-11,1.53e-10,16.29990213
"4136","FBgn0031097",9.761434076,9.016703894,47.27183371,5.39e-11,1.67e-10,16.19511222
"4304","FBgn0025456",8.976075224,8.437909491,45.76923101,6.96e-11,2.08e-10,15.94003787
"4343","FBgn0013276",12.69086871,12.79415082,45.46479775,7.33e-11,2.17e-10,15.88639628
"4482","FBgn0001224",12.11755981,11.72511942,44.25809536,9.07e-11,2.6e-10,15.67172487
"4573","FBgn0004589",8.611455319,4.125477497,43.58015669,1.02e-10,2.88e-10,15.55046968
"4577","FBgn0024989",9.165149438,8.669464356,43.51995384,1.04e-10,2.91e-10,15.53863716
"4585","FBgn0262720",10.97590813,11.23886752,43.44925906,1.05e-10,2.94e-10,15.52440843
"4601","FBgn0261341",10.7041785,10.23257362,43.32321382,1.07e-10,3e-10,15.50132184
"4663","FBgn0260653",9.9821257,9.3505001,42.84362659,1.17e-10,3.23e-10,15.41256363
"4697","FBgn0004588",8.81769992,4.257511684,42.56727139,1.23e-10,3.37e-10,15.36163414
"4777","FBgn0031907",8.982729211,8.479896892,41.89602768,1.4e-10,3.76e-10,15.23346203
"4811","FBgn0010052",8.516610595,7.162807783,41.5658433,1.49e-10,3.97e-10,15.17103751
"4955","FBgn0003067",9.742073948,9.513165585,40.41539126,1.86e-10,4.81e-10,14.94176344
"4956","FBgn0266488",9.74206043,9.513160918,40.41513638,1.86e-10,4.81e-10,14.9417123
"5059","FBgn0027341",8.562245327,8.195800172,39.52291837,2.21e-10,5.62e-10,14.76299215
"5129","FBgn0029170",10.05029391,10.57378992,38.89399842,2.51e-10,6.29e-10,14.62917672
"5196","FBgn0029128",9.476273413,9.292981104,38.22635234,2.88e-10,7.11e-10,14.488427
"5201","FBgn0032773",9.984688602,8.540458355,38.20584392,2.89e-10,7.14e-10,14.48338768
"5208","FBgn0013278",11.9531806,12.07816627,38.16380542,2.92e-10,7.19e-10,14.47157201
"5220","FBgn0051354",11.15345069,11.29237605,38.07607257,2.97e-10,7.3e-10,14.45345502
"5247","FBgn0001225",11.32321617,11.25603198,37.86538696,3.1e-10,7.59e-10,14.40771687
"5270","FBgn0263106",10.03623964,10.10360226,37.65236929,3.24e-10,7.9e-10,14.36377312
"5310","FBgn0004590",9.34381261,4.716612761,37.40850652,3.41e-10,8.26e-10,14.31144646
"5342","FBgn0004594",8.906259714,4.285523419,37.0532833,3.68e-10,8.85e-10,14.23421327
"5440","FBgn0042098",9.181040256,9.354320831,36.25200451,4.37e-10,1.03e-09,14.05359392
"5593","FBgn0034468",9.62371253,9.923369821,34.9504792,5.83e-10,1.34e-09,13.75092403
"5609","FBgn0004591",8.910298771,4.564191635,34.84297116,5.97e-10,1.37e-09,13.72718193
"5637","FBgn0001230",11.01386125,11.04140361,34.62193678,6.28e-10,1.43e-09,13.66956171
"5746","FBgn0038492",9.301111941,8.868986218,33.73619671,7.7e-10,1.72e-09,13.45825211
"5809","FBgn0004593",8.58171582,4.115314386,33.20434772,8.72e-10,1.93e-09,13.32987997
"5823","FBgn0000210",8.516196909,7.186834439,33.09673396,8.95e-10,1.97e-09,13.30357747
"5886","FBgn0039704",8.845451751,8.623737282,32.56495161,1.02e-09,2.22e-09,13.16593343
"5969","FBgn0263132",9.099590219,8.966797712,31.9458942,1.18e-09,2.54e-09,13.00451653
"6005","FBgn0263006",8.897046268,9.359316738,31.64387033,1.27e-09,2.72e-09,12.92610246
"6025","FBgn0013279",10.42733699,10.52423933,31.48575424,1.32e-09,2.83e-09,12.87989503
"6028","FBgn0002773",8.996030649,10.02438301,31.43236791,1.34e-09,2.86e-09,12.86948897
"6036","FBgn0013275",9.656529845,9.656581645,31.29721995,1.39e-09,2.96e-09,12.83161559
"6122","FBgn0001223",9.768951912,9.801391882,30.60935526,1.65e-09,3.47e-09,12.64513366
"6153","FBgn0037992",9.162113731,8.308507595,30.41455172,1.74e-09,3.63e-09,12.59301158
"6235","FBgn0039795",10.05705535,9.83462043,29.75886331,2.06e-09,4.25e-09,12.40772067
"6267","FBgn0001090",11.77480422,12.34038379,29.50875938,2.21e-09,4.52e-09,12.33197022
"6320","FBgn0000639",13.25937276,10.48076496,29.09156208,2.47e-09,5.01e-09,12.21403989
"6402","FBgn0001253",8.601819826,8.034391502,28.34513223,3.02e-09,6.07e-09,12.00425081
"6408","FBgn0038017",9.068189987,7.853158277,28.32303556,3.04e-09,6.1e-09,11.99390685
"6432","FBgn0000451",10.22989246,9.378285207,28.14000022,3.2e-09,6.4e-09,11.93580059
"6462","FBgn0031957",9.478856754,8.709399102,27.90385051,3.42e-09,6.8e-09,11.86669365
"6488","FBgn0267727",9.267426255,9.564098403,27.72523638,3.6e-09,7.12e-09,11.81301411
"6645","FBgn0035497",8.784269645,8.99707772,26.44893813,5.21e-09,1.01e-08,11.41705731
"6705","FBgn0037416",9.392596212,8.664241921,26.05022116,5.86e-09,1.12e-08,11.28511933
"6817","FBgn0033158",10.45431428,9.832001555,25.2464005,7.5e-09,1.41e-08,11.01567855
"6848","FBgn0039685",9.519101026,9.182032237,25.04383483,7.98e-09,1.5e-08,10.95032837
"6865","FBgn0264695",9.13457533,10.30551977,24.90479271,8.34e-09,1.56e-08,10.90428697
"6918","FBgn0000047",8.948983177,9.656072984,24.51901773,9.42e-09,1.75e-08,10.77265881
"7173","FBgn0035915",9.585280316,9.971070102,22.4514238,1.88e-08,3.36e-08,10.01973089
"7179","FBgn0038762",10.01824084,10.40392648,22.39176923,1.92e-08,3.43e-08,9.995654622
"7184","FBgn0036612",8.902704218,7.904107476,22.3137099,1.97e-08,3.52e-08,9.970375715
"7239","FBgn0052354",9.029405396,8.70098436,21.93166694,2.25e-08,4e-08,9.822110104
"7250","FBgn0000615",8.551004453,8.8071171,21.81518089,2.35e-08,4.16e-08,9.781989325
"7284","FBgn0086708",8.689010748,8.733410185,21.50546129,2.63e-08,4.63e-08,9.657952844
"7361","FBgn0061197",8.576403339,8.832782394,20.96189063,3.21e-08,5.59e-08,9.441045215
"7393","FBgn0003889",8.562870284,8.881798581,20.68647699,3.55e-08,6.17e-08,9.328370531
"7410","FBgn0033868",8.894084298,9.295299997,20.48045961,3.84e-08,6.66e-08,9.238667272
"7421","FBgn0036617",9.989814188,10.65156214,20.39302314,3.97e-08,6.87e-08,9.197405985
"7465","FBgn0259795",9.056809634,9.465045408,19.94771969,4.72e-08,8.12e-08,9.012261431
"7489","FBgn0052064",8.77962935,9.122834373,19.8134685,4.97e-08,8.53e-08,8.956973301
"7507","FBgn0033942",8.602934309,7.4898728,19.67108215,5.26e-08,9e-08,8.897780203
"7552","FBgn0004865",8.839697161,8.778475103,19.32751147,6.03e-08,1.03e-07,8.744230802
"7558","FBgn0045770",8.616256882,8.937840456,19.25476326,6.21e-08,1.05e-07,8.714850388
"7600","FBgn0000640",9.747808204,8.466101171,18.94098283,7.05e-08,1.19e-07,8.567051234
"7639","FBgn0038005",-3.960699603,-4.0639866,-18.53270143,8.35e-08,1.4e-07,8.566787528
"7694","FBgn0037414",11.71373243,10.60745611,18.20031153,9.61e-08,1.6e-07,8.218277393
"7791","FBgn0032685",8.590908691,7.827284215,17.61934737,1.24e-07,2.04e-07,7.957314286
"7953","FBgn0066365",9.469941126,8.021805721,16.50772799,2.04e-07,3.3e-07,7.393783204
"8000","FBgn0001256",9.27274317,7.87553709,16.22981363,2.33e-07,3.74e-07,7.249753322
"8081","FBgn0052704",-3.595167636,-3.603383103,-15.68771404,3.03e-07,4.81e-07,7.483585055
"8308","FBgn0037501",-3.961448245,-3.819066848,-14.32622738,6.08e-07,9.4e-07,6.830444451
"8336","FBgn0050468",-3.961467545,-3.819066848,-14.2246788,6.42e-07,9.89e-07,6.780312212
"8345","FBgn0031619",8.890369767,6.166233766,14.17065051,6.61e-07,1.02e-06,6.098754794
"8375","FBgn0265725",-2.760423923,-3.033836128,-14.02677717,7.14e-07,1.1e-06,6.718971539
"8423","FBgn0028866",-3.47731503,-3.08103979,-13.78809452,8.14e-07,1.24e-06,6.575619242
"8514","FBgn0038482",-3.287226186,-3.329227344,-13.31995965,1.06e-06,1.6e-06,6.329854493
"8567","FBgn0264330",-3.47307889,-3.283906084,-13.0682987,1.23e-06,1.84e-06,6.187095096
"8599","FBgn0050101",8.524931602,9.691902208,12.91447248,1.34e-06,2e-06,5.319771844
"8607","FBgn0040385",-3.472563995,-3.634825449,-12.88033639,1.37e-06,2.04e-06,6.081405188
"8630","FBgn0041232",-3.476513175,-3.132585211,-12.7951145,1.44e-06,2.14e-06,6.032883525
"8632","FBgn0033594",-2.668437523,-2.261771006,-12.78552817,1.45e-06,2.15e-06,6.035874017
"8659","FBgn0052249",-3.254013264,-3.713067234,-12.67608173,1.54e-06,2.29e-06,5.967250385
"8661","FBgn0053643",-3.530637355,-3.254670076,-12.67168701,1.55e-06,2.3e-06,5.9609983
"8725","FBgn0052102",-3.473112313,-3.54270475,-12.40834797,1.82e-06,2.67e-06,5.807820639
"8752","FBgn0085326",-2.951783327,-3.223227731,-12.29621162,1.94e-06,2.85e-06,5.744182071
"8791","FBgn0053461",-3.355277157,-3.482026397,-12.17306123,2.1e-06,3.07e-06,5.667746175
"8811","FBgn0266047",-2.832837027,-3.056549764,-12.12739716,2.16e-06,3.15e-06,5.641137354
"8852","FBgn0261292",-3.466714988,-3.276582853,-11.99719956,2.34e-06,3.4e-06,5.55951229
"8859","FBgn0038873",-3.375758281,-3.589504189,-11.98155422,2.37e-06,3.43e-06,5.550294593
"8907","FBgn0026385",-2.909422049,-3.447316249,-11.77477848,2.7e-06,3.89e-06,5.42057884
"8945","FBgn0032057",-3.257957713,-3.010295319,-11.61096115,3e-06,4.3e-06,5.317101921
"8957","FBgn0053263",-3.562082428,-3.528817901,-11.59539903,3.03e-06,4.34e-06,5.307241879
"8977","FBgn0033154",10.73841215,11.40182635,11.4976219,3.23e-06,4.62e-06,4.329489412
"8984","FBgn0034769",-3.291236901,-3.528825836,-11.47533425,3.27e-06,4.68e-06,5.229634891
"9007","FBgn0050125",-3.168639464,-3.187039403,-11.38499923,3.47e-06,4.95e-06,5.170049037
"9067","FBgn0053965",-3.476533325,-3.417828864,-11.19293038,3.95e-06,5.59e-06,5.044775761
"9115","FBgn0043535",-3.245069235,-3.286940726,-10.99534393,4.51e-06,6.36e-06,4.910112893
"9122","FBgn0033145",-3.532924396,-3.659367094,-10.97380209,4.58e-06,6.44e-06,4.897848862
"9146","FBgn0027527",10.02416719,7.995510306,10.90583648,4.79e-06,6.73e-06,3.893407774
"9183","FBgn0264989",-3.06094188,-2.955705523,-10.77829158,5.23e-06,7.32e-06,4.758246449
"9184","FBgn0264990",-3.06094188,-2.955705523,-10.77829158,5.23e-06,7.32e-06,4.758246449
"9203","FBgn0051017",-3.652753831,-3.524079855,-10.72094424,5.45e-06,7.6e-06,4.72518903
"9223","FBgn0036796",-2.867404232,-3.071906857,-10.64602253,5.74e-06,7.99e-06,4.661768226
"9239","FBgn0051613",-2.872995948,-2.796108643,-10.5922562,5.96e-06,8.27e-06,4.62360418
"9240","FBgn0053803",-2.872995948,-2.796108643,-10.5922562,5.96e-06,8.27e-06,4.62360418
"9241","FBgn0053806",-2.872995948,-2.796108643,-10.5922562,5.96e-06,8.27e-06,4.62360418
"9242","FBgn0053809",-2.872995948,-2.796108643,-10.5922562,5.96e-06,8.27e-06,4.62360418
"9243","FBgn0053812",-2.872995948,-2.796108643,-10.5922562,5.96e-06,8.27e-06,4.62360418
"9244","FBgn0053815",-2.872995948,-2.796108643,-10.5922562,5.96e-06,8.27e-06,4.62360418
"9245","FBgn0053833",-2.872995948,-2.796108643,-10.5922562,5.96e-06,8.27e-06,4.62360418
"9246","FBgn0053836",-2.872995948,-2.796108643,-10.5922562,5.96e-06,8.27e-06,4.62360418
"9247","FBgn0053839",-2.872995948,-2.796108643,-10.5922562,5.96e-06,8.27e-06,4.62360418
"9248","FBgn0053842",-2.872995948,-2.796108643,-10.5922562,5.96e-06,8.27e-06,4.62360418
"9249","FBgn0053845",-2.872995948,-2.796108643,-10.5922562,5.96e-06,8.27e-06,4.62360418
"9250","FBgn0053848",-2.872995948,-2.796108643,-10.5922562,5.96e-06,8.27e-06,4.62360418
"9251","FBgn0053851",-2.872995948,-2.796108643,-10.5922562,5.96e-06,8.27e-06,4.62360418
"9252","FBgn0053854",-2.872995948,-2.796108643,-10.5922562,5.96e-06,8.27e-06,4.62360418
"9253","FBgn0053857",-2.872995948,-2.796108643,-10.5922562,5.96e-06,8.27e-06,4.62360418
"9254","FBgn0053860",-2.872995948,-2.796108643,-10.5922562,5.96e-06,8.27e-06,4.62360418
"9255","FBgn0053863",-2.872995948,-2.796108643,-10.5922562,5.96e-06,8.27e-06,4.62360418
"9256","FBgn0053866",-2.872995948,-2.796108643,-10.5922562,5.96e-06,8.27e-06,4.62360418
"9258","FBgn0052834",-3.467898448,-3.376026783,-10.58915893,5.97e-06,8.29e-06,4.630989661
"9262","FBgn0085280",-3.253181366,-3.466880865,-10.57102733,6.05e-06,8.39e-06,4.615248715
"9274","FBgn0035694",-2.864703953,-2.698415961,-10.53766097,6.19e-06,8.58e-06,4.584489774
"9328","FBgn0039441",-2.943941189,-2.511854031,-10.38286941,6.91e-06,9.52e-06,4.474262796
"9350","FBgn0052523",-2.940413697,-3.370390797,-10.31030027,7.28e-06,1e-05,4.421408347
"9355","FBgn0037584",-3.467898448,-3.492637509,-10.30232831,7.33e-06,1.01e-05,4.425521559
"9366","FBgn0041242",-3.058086065,-3.080789579,-10.26059584,7.55e-06,1.04e-05,4.38758999
"9395","FBgn0025645",-3.263296302,-3.27002717,-10.16533422,8.09e-06,1.11e-05,4.321333971
"9397","FBgn0083141",-3.309893444,-2.887879622,-10.14346742,8.22e-06,1.12e-05,4.30611513
"9417","FBgn0053632",-2.791879941,-2.59684829,-10.10915516,8.43e-06,1.15e-05,4.268780061
"9419","FBgn0034884",-3.317259965,-3.08103979,-10.10663618,8.45e-06,1.15e-05,4.278790783
"9442","FBgn0033043",-3.473880744,-3.233838843,-9.991098595,9.2e-06,1.25e-05,4.195717371
"9443","FBgn0034096",-3.172291278,-3.519710833,-9.989966911,9.2e-06,1.25e-05,4.188693509
"9456","FBgn0265139",-2.615421581,-3.048222474,-9.945837154,9.51e-06,1.29e-05,4.140492694
"9467","FBgn0032888",-2.907554105,-2.894263574,-9.887496528,9.93e-06,1.35e-05,4.10404521
"9486","FBgn0050053",-2.555544951,-2.330332533,-9.81644979,1.05e-05,1.42e-05,4.039197639
"9509","FBgn0040923",-2.628156312,-2.971093541,-9.753263773,1.1e-05,1.48e-05,3.992491739
"9513","FBgn0262009",-3.447370571,-2.589669511,-9.728202519,1.12e-05,1.51e-05,3.995170511
"9523","FBgn0030375",-3.355290592,-3.36066969,-9.707450585,1.14e-05,1.53e-05,3.976962573
"9542","FBgn0035313",-3.195256203,-3.202396497,-9.640665584,1.2e-05,1.61e-05,3.920908315
"9569","FBgn0036861",-3.405716717,-3.604721919,-9.556549781,1.28e-05,1.71e-05,3.860818303
"9577","FBgn0037591",-2.960578474,-3.026585597,-9.519977714,1.31e-05,1.76e-05,3.81929166
"9609","FBgn0036638",-2.77875461,-2.654673152,-9.451341687,1.38e-05,1.85e-05,3.758548641
"9616","FBgn0035619",-2.614905401,-2.390080032,-9.431875552,1.41e-05,1.88e-05,3.737360063
"9625","FBgn0031900",-2.57053216,-2.451145998,-9.389855728,1.45e-05,1.94e-05,3.701965934
"9634","FBgn0053349",-3.341241649,-2.704564386,-9.372319533,1.47e-05,1.96e-05,3.712934825
"9645","FBgn0039666",-3.028225242,-3.325069537,-9.347699594,1.5e-05,2e-05,3.6839187
"9648","FBgn0267255",-3.748197291,-3.422826223,-9.334624163,1.52e-05,2.02e-05,3.693162325
"9686","FBgn0037590",-3.067932424,-3.08103979,-9.193024477,1.7e-05,2.25e-05,3.559070491
"9688","FBgn0262855",-3.009640887,-1.516298989,-9.188346517,1.7e-05,2.26e-05,3.553124244
"9705","FBgn0032082",-2.960578474,-2.84820933,-9.150593302,1.75e-05,2.32e-05,3.520497062
"9711","FBgn0035785",-3.472584145,-2.768779159,-9.111696283,1.81e-05,2.39e-05,3.504926854
"9723","FBgn0001120",-2.601286959,-2.98417311,-9.098006681,1.83e-05,2.42e-05,3.463594443
"9745","FBgn0034255",-2.507113236,-2.51827733,-9.036461755,1.92e-05,2.53e-05,3.408492907
"9770","FBgn0034660",-3.781200152,-3.528825836,-8.954795863,2.05e-05,2.7e-05,3.383790998
"9791","FBgn0037419",9.232302851,8.543861868,8.888363317,2.17e-05,2.84e-05,2.221065026
"9793","FBgn0031472",-3.353964627,-3.339838456,-8.87489937,2.19e-05,2.88e-05,3.303739956
"9799","FBgn0038204",-2.733953094,-2.403958946,-8.850091004,2.24e-05,2.93e-05,3.259870994
"9801","FBgn0037411",10.0760561,8.574118009,8.845174475,2.25e-05,2.94e-05,2.178293051
"9824","FBgn0038531",-2.843580361,-2.722905988,-8.772339703,2.38e-05,3.12e-05,3.197902736
"9839","FBgn0035563",-2.960578474,-2.547207378,-8.718608347,2.49e-05,3.26e-05,3.15600428
"9845","FBgn0036229",-2.975630629,-2.672474663,-8.699218254,2.53e-05,3.31e-05,3.139952795
"9855","FBgn0262008",-3.180417516,-3.010141315,-8.686279131,2.56e-05,3.34e-05,3.136862314
"9865","FBgn0030338",-3.067200192,-3.173160489,-8.643030545,2.66e-05,3.46e-05,3.094782805
"9871","FBgn0034047",-3.090426484,-3.478290327,-8.628970852,2.69e-05,3.5e-05,3.083741251
"9891","FBgn0053289",-2.775231694,-2.579022741,-8.56061151,2.85e-05,3.7e-05,3.010726652
"9894","FBgn0051659",-2.581518608,-2.977232911,-8.554675871,2.86e-05,3.71e-05,2.997175169
"9940","FBgn0034712",-2.509676924,-2.595913295,-8.440006546,3.15e-05,4.07e-05,2.89207312
"9943","FBgn0051219",-3.499764588,-3.03814846,-8.427035923,3.19e-05,4.12e-05,2.92124745
"9947","FBgn0034730",-2.510099584,-1.567807071,-8.419244261,3.21e-05,4.14e-05,2.873205879
"9959","FBgn0053500",-2.959068014,-3.249519329,-8.376432436,3.33e-05,4.29e-05,2.855497179
"9964","FBgn0085230",-3.248517626,-3.401833143,-8.361094142,3.37e-05,4.35e-05,2.853355812
"9973","FBgn0262538",-2.94157,-2.363341439,-8.324814439,3.48e-05,4.48e-05,2.808009272
"10008","FBgn0042137",-2.954945481,-2.754650922,-8.198144074,3.89e-05,4.99e-05,2.693672369
"10013","FBgn0035789",-3.329308315,-3.028504093,-8.19216544,3.91e-05,5.01e-05,2.704442048
"10015","FBgn0267104",-2.868216721,-2.383024063,-8.189974069,3.91e-05,5.02e-05,2.682126479
"10017","FBgn0053644",-2.90869293,-2.760475582,-8.187527116,3.92e-05,5.03e-05,2.681674653
"10027","FBgn0031032",-2.602415797,-2.509428582,-8.168210181,3.99e-05,5.11e-05,2.649914063
"10030","FBgn0051439",-2.572376134,-3.029765423,-8.163177395,4.01e-05,5.13e-05,2.64351835
"10036","FBgn0037436",-3.07387715,-3.283906084,-8.141411046,4.08e-05,5.23e-05,2.647075684
"10037","FBgn0262000",-2.563938809,-2.340773421,-8.137754571,4.1e-05,5.24e-05,2.619808914
"10060","FBgn0261290",-3.347837751,-3.144512656,-8.070011577,4.35e-05,5.55e-05,2.593218065
"10079","FBgn0261848",-3.026371307,-3.044257624,-8.021433964,4.54e-05,5.79e-05,2.534072225
"10084","FBgn0053775",-3.427751624,-3.564799947,-7.99502274,4.65e-05,5.92e-05,2.527031556
"10087","FBgn0261293",-3.265384293,-3.386637895,-7.989130486,4.67e-05,5.95e-05,2.514256677
"10099","FBgn0039311",-3.143839392,-2.859457942,-7.950905369,4.84e-05,6.15e-05,2.47378494
"10132","FBgn0040257",-3.380991824,-2.99532145,-7.835543108,5.37e-05,6.8e-05,2.375278478
"10137","FBgn0030551",-3.252271207,-2.996894013,-7.82321052,5.43e-05,6.88e-05,2.357899608
"10145","FBgn0036232",-3.266735964,-3.362147869,-7.800883095,5.54e-05,7.01e-05,2.336997921
"10166","FBgn0051131",-3.248241445,-2.870557795,-7.743735067,5.83e-05,7.37e-05,2.281645364
"10167","FBgn0051253",-3.248241445,-2.870557795,-7.743735067,5.83e-05,7.37e-05,2.281645364
"10172","FBgn0053645",-3.096615485,-2.786640971,-7.728673749,5.91e-05,7.47e-05,2.260397703
"10176","FBgn0031181",-2.954959341,-2.811630012,-7.722425523,5.95e-05,7.51e-05,2.247502902
"10203","FBgn0050488",-2.920133215,-2.585294348,-7.61951085,6.54e-05,8.23e-05,2.145874835
"10207","FBgn0003980",-2.677494315,-2.898276571,-7.609332832,6.6e-05,8.31e-05,2.123753092
"10222","FBgn0039053",-3.190548141,-3.289771215,-7.563281161,6.89e-05,8.66e-05,2.104400156
"10246","FBgn0031718",-2.768721809,-2.847157479,-7.498504599,7.32e-05,9.18e-05,2.019565838
"10261","FBgn0259233",8.908573436,8.755616985,7.457793262,7.61e-05,9.52e-05,0.832153376
"10287","FBgn0028949",-3.351820952,-3.038410175,-7.385070907,8.15e-05,0.000101765,1.936311892
"10294","FBgn0259831",-2.731121446,-2.262256089,-7.348081965,8.44e-05,0.000105339,1.867422797
"10302","FBgn0038732",-2.970442096,-2.775152692,-7.327019522,8.61e-05,0.000107394,1.858665621
"10314","FBgn0265267",-3.374973531,-3.249195936,-7.287149282,8.95e-05,0.000111444,1.839682723
"10316","FBgn0259972",-2.909124287,-2.727880753,-7.285825403,8.96e-05,0.000111564,1.814394858
"10319","FBgn0054041",-2.960578474,-2.940756358,-7.281657086,9e-05,0.000111978,1.812552886
"10328","FBgn0054033",-3.231285922,-2.736445403,-7.247310021,9.3e-05,0.000115638,1.791449977
"10330","FBgn0083979",-3.345762104,-2.976958672,-7.242889771,9.34e-05,0.00011611,1.793468144
"10348","FBgn0035382",-3.376641033,-3.170692033,-7.18927321,9.83e-05,0.000122074,1.740521932
"10386","FBgn0038440",-3.354465451,-2.94683266,-7.089548365,0.000108373,0.000134043,1.636780057
"10388","FBgn0262571",-2.97585378,-2.577823006,-7.083861456,0.000108979,0.000134766,1.611634118
"10392","FBgn0259958",-2.783843577,-2.530022919,-7.076950786,0.00010972,0.00013563,1.593085906
"10398","FBgn0025644",-2.908583031,-2.998994233,-7.06505149,0.00011101,0.000137145,1.588172941
"10411","FBgn0051300",-2.511147673,-2.071205175,-7.016488445,0.000116449,0.000143685,1.514530207
"10416","FBgn0052271",-2.828060637,-3.136872674,-7.004550171,0.000117831,0.00014532,1.519987556
"10420","FBgn0004428",-2.664809503,-2.690730444,-7.001184045,0.000118223,0.000145748,1.507008583
"10425","FBgn0262856",-2.594969818,-3.055339758,-6.9874076,0.000119847,0.000147679,1.489215325
"10441","FBgn0014949",-2.75912949,-2.468645942,-6.960527342,0.000123086,0.000151437,1.470831397
"10442","FBgn0036937",-2.872305403,-2.435721606,-6.959298658,0.000123236,0.000151608,1.475005882
"10468","FBgn0037996",-2.944100255,-2.936383394,-6.88240251,0.000133063,0.000163291,1.398198384
"10472","FBgn0036750",-2.871425842,-2.184700611,-6.877232733,0.000133755,0.000164077,1.388591328
"10478","FBgn0002561",-2.887241302,-3.132585211,-6.828658776,0.000140447,0.000172188,1.338307907
"10488","FBgn0259179",-2.772262899,-2.012478053,-6.805632709,0.000143748,0.000176067,1.306589746
"10495","FBgn0040941",-2.615350417,-2.510146092,-6.790133923,0.000146019,0.000178729,1.281486209
"10519","FBgn0029827",-2.761769406,-3.374560622,-6.732854266,0.000154761,0.000188997,1.228234768
"10540","FBgn0053306",-2.516138401,-2.420526359,-6.699663994,0.000160091,0.000195117,1.177017152
"10547","FBgn0261401",-2.754738777,-2.334656447,-6.677449666,0.000163772,0.000199471,1.166985154
"10548","FBgn0041621",-2.844652193,-2.82721625,-6.672533705,0.000164599,0.000200459,1.167443739
"10551","FBgn0003979",-3.288774705,-2.479576705,-6.663793832,0.000166081,0.000202206,1.183903961
"10554","FBgn0036598",-2.951371318,-2.227632522,-6.656324406,0.00016736,0.000203705,1.156391535
"10564","FBgn0265610",-2.572974586,-2.744011357,-6.619841668,0.000173762,0.000211297,1.093213746
"10568","FBgn0035933",-3.073501193,-3.040464511,-6.616235465,0.000174409,0.000212004,1.119770368
"10575","FBgn0261055",-2.754994343,-2.303208505,-6.607147535,0.000176052,0.00021386,1.091503268
"10596","FBgn0031719",-3.2190781,-2.895482992,-6.559337892,0.000184985,0.000224265,1.066160926
"10628","FBgn0030868",-3.263296302,-3.19294325,-6.463202807,0.000204504,0.000247183,0.961956212
"10640","FBgn0053271",-2.569037067,-2.091608679,-6.415089169,0.00021512,0.000259721,0.866455357
"10642","FBgn0036709",-2.730254642,-2.670030246,-6.40777479,0.000216786,0.000261684,0.868474292
"10645","FBgn0262948",-2.744713117,-2.767631908,-6.389394466,0.000221038,0.00026674,0.848556859
"10668","FBgn0259957",-2.82990137,-2.658192915,-6.328980453,0.000235673,0.000283789,0.786591723
"10675","FBgn0031305",-2.780294854,-2.583744608,-6.314384555,0.000239368,0.000288049,0.765848368
"10689","FBgn0041625",-2.756154868,-2.874015689,-6.273650344,0.000250021,0.000300475,0.718312888
"10691","FBgn0035621",-3.140891842,-3.066500016,-6.266525639,0.000251938,0.000302721,0.734634709
"10696","FBgn0001174",-2.701549408,-3.013652988,-6.247931318,0.000257017,0.00030868,0.685699288
"10708","FBgn0032315",-2.595271651,-2.366088318,-6.214814349,0.000266345,0.000319525,0.640958159
"10726","FBgn0041247",-2.802819121,-2.59930997,-6.136450495,0.000289943,0.00034725,0.564764569
"10732","FBgn0051792",-2.8900295,-3.085785771,-6.128000253,0.000292622,0.000350263,0.560016378
"10745","FBgn0039676",-2.753991504,-2.372767912,-6.104031974,0.000300372,0.000359105,0.523326819
"10798","FBgn0031086",-2.626746073,-3.036374003,-5.956662779,0.000353296,0.000420304,0.34194871
"10803","FBgn0053272",-2.92479322,-2.82972719,-5.932692259,0.000362839,0.000431458,0.333124925
"10824","FBgn0033275",-3.073921852,-2.119776812,-5.864055169,0.000391774,0.00046496,0.261856044
"10825","FBgn0002571",-2.860041427,-2.199268257,-5.859365962,0.000393841,0.000467371,0.241838963
"10838","FBgn0044046",-3.037457635,-1.748140852,-5.832726954,0.000405818,0.000481005,0.221669176
"10893","FBgn0035545",-3.0422275,-2.60248703,-5.696643401,0.000473599,0.00055851,0.057912265
"10945","FBgn0262577",-2.631802331,-2.328467003,-5.53843105,0.000568492,0.000667231,-0.163537763
"11027","FBgn0039613",-2.915981065,-2.128144875,-5.319031167,0.000736425,0.000857905,-0.419824441
"11059","FBgn0033729",-2.560069738,-2.317529884,-5.239636002,0.000810047,0.000940941,-0.546346962
"11083","FBgn0050458",-2.7361618,-1.751445732,-5.137641766,0.000916707,0.00106253,-0.665336585
"11099","FBgn0053641",-2.597561096,-2.704703328,-5.087436562,0.00097478,0.001128212,-0.741006405
"11109","FBgn0028987",-2.517834115,-2.305396959,-5.065152421,0.001001836,0.001158482,-0.774857221
"11110","FBgn0002570",-2.506195762,-2.545094632,-5.063617298,0.00100373,0.001160568,-0.777732226
"11133","FBgn0039180",-2.667917022,-2.617459755,-4.98736319,0.001102915,0.001272618,-0.866618597
"11157","FBgn0045471",-2.750750672,-2.536289546,-4.938313956,0.00117235,0.001349826,-0.925894238
"11209","FBgn0053127",-3.124806792,-2.635217231,-4.815909713,0.001367359,0.001567053,-1.063119154
"11241","FBgn0036610",-2.694011321,-1.631572166,-4.720054824,0.001544799,0.001765367,-1.224076244
"11300","FBgn0032080",-3.268672902,-2.795574529,-4.491118695,0.002078706,0.002363103,-1.495456891
"11318","FBgn0039616",-2.619892481,-2.592747629,-4.45107367,0.002191231,0.002487061,-1.600109646
"11332","FBgn0036655",-2.663971631,-1.598196887,-4.399478043,0.002346059,0.002659502,-1.667862883
"11396","FBgn0058298",-2.785864004,-1.810346295,-4.174745887,0.003173094,0.003576831,-1.978679359
"11445","FBgn0039326",-3.040173612,-1.850400803,-4.019347901,0.003926996,0.004407706,-2.184120221
"11447","FBgn0040211",-3.451964539,-1.882291545,-4.016454615,0.003942746,0.00442461,-2.159018478
"11466","FBgn0034485",-3.225590293,-2.312293827,-3.969596335,0.004207507,0.004713905,-2.243452148
"11473","FBgn0085491",-3.201766969,-1.759974025,-3.949644014,0.004325993,0.004843694,-2.273950383
"11478","FBgn0030339",-2.922000107,-2.56703534,-3.933857243,0.004422283,0.004949351,-2.319629495
"11504","FBgn0051207",-2.62693334,-2.480218709,-3.841626928,0.005032873,0.005619983,-2.477456968
"11508","FBgn0036817",-2.549350441,-2.871257801,-3.836019866,0.005072802,0.005662601,-2.494761901
"11653","FBgn0035686",-2.790099879,-2.384536859,-3.405857197,0.009423664,0.010388431,-3.12231025
"11657","FBgn0030223",-2.903461473,-2.27473156,-3.40059882,0.009496741,0.010465397,-3.122835124
"11694","FBgn0250842",-3.775381322,-2.511899062,-3.313188143,0.010803516,0.011867793,-3.188443538
"11701","FBgn0086900",-4.737395564,-4.138971883,-3.29611387,0.011080269,0.012164528,-3.189244133
"11708","FBgn0034588",-3.495865794,-2.014385886,-3.270749841,0.011505288,0.012623584,-3.275842299
"11751","FBgn0031373",-2.860131664,-1.061158482,-3.144685117,0.013887941,0.015182069,-3.519105591
"11796","FBgn0259748",-2.645178282,0.082008378,-3.040389087,0.016249873,0.017696326,-3.698950852
"11872","FBgn0052985",-2.66310297,-2.24367923,-2.842068064,0.021971717,0.023774316,-4.007782312
"11918","FBgn0031746",-3.472584145,-2.451463896,-2.706397487,0.027060147,0.029167196,-4.153838292
"11961","FBgn0037488",-3.077981258,-1.980613061,-2.585784063,0.032599075,0.035011095,-4.373686533
"12025","FBgn0052774",-2.668958918,-1.635540336,-2.377027532,0.045065192,0.048141992,-4.730941569
"12026","FBgn0085254",-3.227663953,-2.354153942,-2.369113536,0.045622824,0.048733644,-4.697550127
